nospo_rouge1_P,nospo_rouge1_R,nospo_rouge1_F1,santa_rouge1_P,santa_rouge1_R,santa_rouge1_F1,spo_rouge1_P,spo_rouge1_R,spo_rouge1_F1,Textrank_rouge1_P,Textrank_rouge1_R,Textrank_rouge1_F1
0.913793103448276,0.6794871794871795,0.7794117598140139,0.9310344827586208,0.6923076923076923,0.794117642166955,0.96875,0.7948717948717948,0.8732394316683199,1.0,0.5,0.6666666622222223
0.976470588235294,0.7545454545454545,0.851282046364234,0.9661016949152542,0.5181818181818182,0.6745562084730927,0.9895833333333334,0.8636363636363636,0.9223300921104725,1.0,0.3727272727272727,0.5430463536599273
0.7368421052631579,0.2745098039215686,0.399999996044898,0.9142857142857144,0.6274509803921569,0.7441860416846945,1.0,0.8823529411764706,0.9374999950195312,1.0,0.9803921568627452,0.9900990049014802
0.9555555555555556,0.7678571428571429,0.8514851435741595,0.972972972972973,0.6428571428571429,0.7741935435957915,0.979591836734694,0.8571428571428571,0.9142857093079364,1.0,0.9821428571428572,0.9909909859913968
0.9902912621359224,0.8793103448275862,0.9315068443326868,0.967032967032967,0.7586206896551724,0.8502415409666505,0.9626168224299064,0.8879310344827587,0.923766811151642,1.0,0.6293103448275862,0.7724867677455838
0.9634146341463414,0.7452830188679245,0.8404255269963784,0.9583333333333334,0.6509433962264151,0.775280894058831,0.988095238095238,0.7830188679245284,0.8736842055933519,1.0,0.4245283018867924,0.5960264858821982
0.9722222222222222,0.6481481481481481,0.7777777729777778,1.0,0.6481481481481481,0.7865168491604596,0.9714285714285714,0.6296296296296297,0.7640449390481,1.0,0.7777777777777778,0.8749999950781251
0.9629629629629628,0.7536231884057971,0.8455284503589133,0.9636363636363636,0.7681159420289855,0.8548387047411551,0.9833333333333332,0.855072463768116,0.9147286771948804,1.0,0.6666666666666666,0.7999999952000001
1.0,0.7058823529411765,0.8275862020451843,1.0,0.7941176470588235,0.8852458967051868,1.0,0.9117647058823528,0.9538461488568049,1.0,0.9705882352941176,0.9850746218667856
0.9375,0.6818181818181818,0.7894736793351801,0.9090909090909092,0.6818181818181818,0.7792207743228201,0.9743589743589745,0.8636363636363636,0.9156626456205548,1.0,0.8636363636363636,0.9268292633194528
0.9574468085106383,0.7258064516129032,0.8256880684891846,0.9361702127659576,0.7096774193548387,0.8073394446359734,1.0,0.8387096774193549,0.9122806967928594,1.0,0.8225806451612904,0.9026548623040176
0.9591836734693876,0.746031746031746,0.8392857093638394,0.9772727272727272,0.6825396825396826,0.8037383129146651,1.0,0.9047619047619048,0.9499999950125,1.0,0.6666666666666666,0.7999999952000001
0.979591836734694,0.8275862068965517,0.8971962567176173,0.945945945945946,0.603448275862069,0.7368421005074792,0.9791666666666666,0.8103448275862069,0.8867924478746886,1.0,0.5689655172413793,0.7252747206520952
0.9622641509433962,0.7391304347826086,0.8360655688564902,0.9555555555555556,0.6231884057971014,0.7543859601338874,0.9848484848484848,0.9420289855072465,0.9629629579654322,1.0,0.6666666666666666,0.7999999952000001
0.9473684210526316,0.75,0.8372092973931856,0.972972972972973,0.75,0.8470588186131489,1.0,0.9583333333333334,0.9787233992575828,1.0,0.625,0.7692307644970415
0.9166666666666666,0.7674418604651163,0.8354430330139402,0.9696969696969696,0.7441860465116279,0.8421052582444599,0.9736842105263158,0.8604651162790697,0.9135802419326324,1.0,0.7209302325581395,0.8378378329693207
1.0,0.8717948717948718,0.9315068443385252,1.0,0.8461538461538461,0.9166666617013888,1.0,0.9230769230769232,0.959999995008,1.0,0.8461538461538461,0.9166666617013888
1.0,0.9534883720930232,0.9761904711933108,1.0,0.9069767441860463,0.9512195072070198,1.0,0.9767441860465116,0.9882352891183392,1.0,0.5348837209302325,0.6969696924288338
0.95,0.7037037037037037,0.8085106334087823,0.918918918918919,0.6296296296296297,0.7472527424272432,1.0,0.9074074074074074,0.9514563056913942,1.0,0.7777777777777778,0.8749999950781251
0.9787234042553192,0.8070175438596491,0.8846153796616125,0.9767441860465116,0.7368421052631579,0.8399999950979999,1.0,0.8771929824561403,0.9345794342737356,1.0,0.6666666666666666,0.7999999952000001
0.9146341463414634,0.7575757575757576,0.8287292768120631,0.9861111111111112,0.7171717171717171,0.8304093518498,0.989247311827957,0.9292929292929292,0.9583333283382162,1.0,0.494949494949495,0.6621621577328343
1.0,0.7708333333333334,0.8705882303778547,0.975609756097561,0.8333333333333334,0.8988763995253124,1.0,0.9583333333333334,0.9787233992575828,1.0,0.7708333333333334,0.8705882303778547
1.0,0.7142857142857143,0.8333333284722222,1.0,0.6666666666666666,0.7999999952000001,1.0,0.7619047619047619,0.8648648599561725,1.0,0.7619047619047619,0.8648648599561725
0.984375,0.7777777777777778,0.8689655123101071,0.9827586206896552,0.7037037037037037,0.820143880028984,1.0,0.8518518518518519,0.919999995032,1.0,0.3209876543209876,0.485981304732291
0.9428571428571428,0.717391304347826,0.8148148099070265,0.9032258064516128,0.6086956521739131,0.7272727224624725,0.951219512195122,0.8478260869565217,0.8965517191544458,1.0,0.8043478260869565,0.8915662601190304
0.988095238095238,0.8924731182795699,0.93785310235756,1.0,0.7741935483870968,0.8727272678082645,1.0,0.978494623655914,0.9891304297831996,1.0,0.7741935483870968,0.8727272678082645
1.0,0.6060606060606061,0.7547169764328944,1.0,0.6363636363636364,0.7777777730246914,1.0,0.8181818181818182,0.8999999950500001,1.0,0.9696969696969696,0.984615379616568
0.9444444444444444,0.9042553191489362,0.923913038480624,0.986842105263158,0.7978723404255319,0.882352936232526,0.988095238095238,0.8829787234042553,0.9325842646787024,1.0,0.2872340425531915,0.446280988268561
0.9655172413793104,0.7777777777777778,0.8615384565964498,1.0,0.8333333333333334,0.9090909041322316,1.0,0.9166666666666666,0.9565217341398866,1.0,0.7777777777777778,0.8749999950781251
0.95,0.7307692307692307,0.8260869516068055,1.0,0.6923076923076923,0.8181818133471075,1.0,0.7307692307692307,0.844444439565432,1.0,0.9615384615384616,0.9803921518646674
0.92,0.6052631578947368,0.7301587253716302,0.9629629629629628,0.6842105263157895,0.7999999951431953,1.0,0.7894736842105263,0.8823529362456748,1.0,0.9736842105263158,0.9866666616675556
0.9772727272727272,0.8431372549019608,0.9052631529218838,0.8461538461538461,0.6470588235294118,0.7333333284222223,0.9772727272727272,0.8431372549019608,0.9052631529218838,1.0,0.4117647058823529,0.5833333292013889
1.0,0.8,0.8888888839506174,1.0,0.8,0.8888888839506174,1.0,0.7666666666666667,0.8679245233891066,1.0,0.4,0.5714285673469389
1.0,0.9318181818181818,0.9647058773591696,1.0,0.8863636363636364,0.9397590311627232,1.0,0.9772727272727272,0.9885057421270974,1.0,0.1818181818181818,0.3076923050887574
1.0,0.868421052631579,0.9295774598135292,1.0,0.8421052631578947,0.914285709322449,1.0,0.8947368421052632,0.9444444394598766,1.0,0.9736842105263158,0.9866666616675556
0.9696969696969696,0.7741935483870968,0.8609865421480425,0.9680851063829788,0.7338709677419355,0.83486238041579,1.0,0.8951612903225806,0.9446808460791308,1.0,0.4435483870967742,0.6145251354077589
0.9230769230769232,0.6956521739130435,0.7933884248507617,0.979591836734694,0.6956521739130435,0.8135593171775353,0.9824561403508772,0.8115942028985508,0.8888888839342405,1.0,0.5942028985507246,0.7454545407785125
0.9036144578313252,0.7075471698113207,0.7936507887248397,0.9375,0.7075471698113207,0.806451608000925,0.9787234042553192,0.8679245283018868,0.919999995018,1.0,0.7358490566037735,0.8478260820723063
0.9859154929577464,0.8536585365853658,0.915032674764407,0.984375,0.7682926829268293,0.8630136937061363,1.0,0.902439024390244,0.948717943731098,1.0,0.8048780487804879,0.8918918869503288
0.9680851063829788,0.7844827586206896,0.8666666617215419,0.967391304347826,0.7672413793103449,0.8557692258357988,0.99,0.853448275862069,0.9166666616941016,1.0,0.7155172413793104,0.8341708494088533
0.9473684210526316,0.8181818181818182,0.8780487755145747,0.9423076923076924,0.7424242424242424,0.8305084696466534,1.0,0.9090909090909092,0.9523809473922904,1.0,0.8333333333333334,0.9090909041322316
0.96875,0.7209302325581395,0.8266666617742222,1.0,0.813953488372093,0.8974358924884944,1.0,0.8604651162790697,0.924999995028125,1.0,0.9767441860465116,0.9882352891183392
0.975,0.8478260869565217,0.906976739210384,1.0,0.8695652173913043,0.9302325531638724,1.0,0.8043478260869565,0.8915662601190304,1.0,0.8043478260869565,0.8915662601190304
0.9516129032258064,0.8082191780821918,0.8740740691072703,0.9090909090909092,0.821917808219178,0.8633093475306662,0.9516129032258064,0.8082191780821918,0.8740740691072703,1.0,0.6301369863013698,0.7731092389548762
0.9433962264150944,0.7352941176470589,0.8264462760685746,0.9824561403508772,0.8235294117647058,0.8959999950387201,1.0,0.9264705882352942,0.9618320560759864,1.0,0.9852941176470588,0.9925925875928672
0.9210526315789472,0.7608695652173914,0.8333333283786848,0.9523809523809524,0.8695652173913043,0.9090909041012396,0.9523809523809524,0.8695652173913043,0.9090909041012396,1.0,0.9782608695652174,0.9890109840115928
0.9,0.7941176470588235,0.8437499950195313,0.9655172413793104,0.8235294117647058,0.8888888839203831,0.96875,0.9117647058823528,0.9393939343985308,1.0,0.9705882352941176,0.9850746218667856
0.9583333333333334,0.6052631578947368,0.7419354791259106,1.0,0.9078947368421052,0.9517241329426872,0.9482758620689656,0.7236842105263158,0.8208955174782804,1.0,0.7105263157894737,0.8307692259124261
0.9333333333333332,0.7241379310344828,0.8155339756621737,0.98,0.8448275862068966,0.9074074024348424,0.9433962264150944,0.8620689655172413,0.9009008959110464,1.0,0.9827586206896552,0.991304342826465
0.9743589743589745,0.8085106382978723,0.8837209252758248,0.9230769230769232,0.7659574468085106,0.8372092973688481,0.9777777777777776,0.9361702127659576,0.9565217341327976,1.0,0.851063829787234,0.9195402249174264
0.975,0.7222222222222222,0.8297872291534631,0.945945945945946,0.6481481481481481,0.7692307644052652,0.9555555555555556,0.7962962962962963,0.868686863728191,1.0,0.7777777777777778,0.8749999950781251
0.9473684210526316,0.9473684210526316,0.9473684160526316,0.9636363636363636,0.9298245614035088,0.946428566430166,0.9814814814814816,0.9298245614035088,0.9549549499586072,1.0,0.9824561403508772,0.9911504374782676
1.0,0.7555555555555555,0.8607594887678257,1.0,0.7111111111111111,0.831168826311351,0.9705882352941176,0.7333333333333333,0.8354430330716232,1.0,0.9777777777777776,0.9887640399444514
0.948051948051948,0.8295454545454546,0.8848484798707071,0.935064935064935,0.8181818181818182,0.872727267749495,0.9879518072289156,0.9318181818181818,0.9590643224896548,1.0,0.7045454545454546,0.826666661816889
0.9666666666666668,0.8656716417910447,0.9133858217868436,0.9655172413793104,0.835820895522388,0.8959999950259201,0.984375,0.9402985074626866,0.9618320560713246,1.0,0.6865671641791045,0.8141592872080822
0.9333333333333332,0.6222222222222222,0.7466666618666667,1.0,0.8,0.8888888839506174,1.0,0.8666666666666667,0.9285714235969388,1.0,0.9777777777777776,0.9887640399444514
0.8823529411764706,0.6428571428571429,0.743801648015846,0.96875,0.8857142857142857,0.9253731293383828,0.918032786885246,0.8,0.854961827084669,1.0,0.8571428571428571,0.9230769181065088
0.979591836734694,0.9230769230769232,0.950495044509362,1.0,0.8461538461538461,0.9166666617013888,0.9807692307692308,0.9807692307692308,0.9807692257692308,1.0,0.9807692307692308,0.9902912571363937
0.6753246753246753,0.7323943661971831,0.7027026977109204,0.8431372549019608,0.6056338028169014,0.7049180279212578,0.7088607594936709,0.7887323943661971,0.7466666616808889,1.0,0.9859154929577464,0.9929077964186912
0.9836065573770492,0.6741573033707865,0.7999999951742223,0.975,0.8764044943820225,0.9230769180911034,0.9866666666666668,0.8314606741573034,0.9024390194266808,1.0,0.651685393258427,0.7891156414808645
0.9310344827586208,0.9310344827586208,0.9310344777586208,0.9629629629629628,0.896551724137931,0.9285714235778062,0.9629629629629628,0.896551724137931,0.9285714235778062,1.0,0.9655172413793104,0.9824561353524162
0.921875,0.6483516483516484,0.7612903177323623,0.9027777777777778,0.7142857142857143,0.7975460073378751,1.0,0.8571428571428571,0.9230769181065088,1.0,0.6703296703296703,0.8026315741421399
0.9253731343283582,0.775,0.8435374100050905,0.96,0.6,0.7384615337278106,0.9863013698630136,0.9,0.9411764655987016,1.0,0.9875,0.9937106868240972
1.0,0.7,0.8235294069204152,0.9574468085106383,0.6428571428571429,0.7692307644239902,0.9818181818181818,0.7714285714285715,0.8639999950720001,1.0,0.8428571428571429,0.9147286772068988
0.9154929577464788,0.7303370786516854,0.8124999950632813,0.979591836734694,0.5393258426966292,0.6956521693331232,0.9594594594594594,0.797752808988764,0.8711656392141217,1.0,0.8089887640449438,0.8944099329439451
0.9264705882352942,0.6847826086956522,0.7874999951125001,0.8928571428571429,0.5434782608695652,0.675675670971512,0.958904109589041,0.7608695652173914,0.848484843551148,1.0,0.6956521739130435,0.8205128156738988
0.925,0.676829268292683,0.7816901359650863,0.9528301886792452,0.6158536585365854,0.7481481433788753,0.9696969696969696,0.7804878048780488,0.8648648599233018,1.0,0.5792682926829268,0.7335907289456032
0.9834710743801652,0.6574585635359116,0.7880794653960354,0.9703703703703704,0.7237569060773481,0.8291139191565856,0.9805194805194806,0.8342541436464088,0.9014925323459124,1.0,0.6132596685082873,0.7602739678900826
0.958904109589041,0.7070707070707071,0.813953483486344,0.945945945945946,0.7070707070707071,0.8092485500177086,0.987012987012987,0.7676767676767676,0.8636363587144886,1.0,0.7777777777777778,0.8749999950781251
0.9558823529411764,0.7142857142857143,0.8176100579977058,1.0,0.6813186813186813,0.8104575115195011,0.972972972972973,0.7912087912087912,0.872727267780349,1.0,0.6923076923076923,0.8181818133471075
0.936842105263158,0.6544117647058824,0.7705627657202826,0.978021978021978,0.6544117647058824,0.7841409643594869,0.971153846153846,0.7426470588235294,0.8416666617555556,1.0,0.4558823529411764,0.6262626219610244
0.796875,0.4678899082568807,0.589595371060844,0.881578947368421,0.6146788990825688,0.7243243194834187,0.9315068493150684,0.6238532110091743,0.7472527424483759,0.984375,0.5779816513761468,0.728323694760266
0.8974358974358975,0.6542056074766355,0.7567567518796202,0.9375,0.4205607476635514,0.5806451570147764,0.9887640449438202,0.822429906542056,0.8979591787156395,1.0,0.7850467289719626,0.8795811469049643
0.9594594594594594,0.7319587628865979,0.8304093518156014,0.9571428571428572,0.6907216494845361,0.8023952047115351,0.9615384615384616,0.7731958762886598,0.857142852201796,1.0,0.5670103092783505,0.7236842059080679
0.9027777777777778,0.6074766355140186,0.7262569784313847,0.9411764705882352,0.5981308411214953,0.731428566676898,0.9629629629629628,0.7289719626168224,0.8297872291381847,1.0,0.7009345794392523,0.824175819330395
0.918918918918919,0.6938775510204082,0.7906976695159545,0.9903846153846154,0.7006802721088435,0.8207171266208474,0.972027972027972,0.9455782312925172,0.9586206846561236,1.0,0.5102040816326531,0.6756756712016071
0.9117647058823528,0.6526315789473685,0.7607361914562084,0.9466666666666668,0.7473684210526316,0.835294112716263,0.9294117647058824,0.8315789473684211,0.8777777727932099,1.0,0.5578947368421052,0.7162162116188824
0.953125,0.7011494252873564,0.8079470149835534,0.9230769230769232,0.5517241379310345,0.6906474773314011,0.9411764705882352,0.735632183908046,0.8258064466880334,1.0,0.9885057471264368,0.994219648179358
0.9574468085106383,0.75,0.8411214904009083,1.0,0.7833333333333333,0.8785046679710019,1.0,0.8333333333333334,0.9090909041322316,1.0,0.9833333333333332,0.9915966336558152
0.9574468085106383,0.7894736842105263,0.8653846104308432,0.9574468085106383,0.7894736842105263,0.8653846104308432,0.9818181818181818,0.9473684210526316,0.9642857092873088,1.0,0.7192982456140351,0.8367346890108289
0.984126984126984,0.7294117647058823,0.8378378329483199,1.0,0.6705882352941176,0.8028168966028566,1.0,0.9058823529411764,0.9506172789628108,1.0,0.7411764705882353,0.8513513464618335
0.972972972972973,0.72,0.8275862020081914,0.9696969696969696,0.64,0.7710843325591522,0.9761904761904762,0.82,0.8913043428638943,1.0,0.84,0.9130434732986769
0.9833333333333332,0.7972972972972973,0.880597009979951,0.9705882352941176,0.8918918918918919,0.9295774597976592,0.9848484848484848,0.8783783783783784,0.9285714235877552,1.0,0.4189189189189189,0.5904761863147393
0.9692307692307692,0.7411764705882353,0.8399999950888889,0.981132075471698,0.611764705882353,0.7536231836746483,0.987012987012987,0.8941176470588236,0.9382715999504648,1.0,0.9882352941176472,0.9940828352368616
1.0,0.7816091954022989,0.8774193499138399,0.9807692307692308,0.5862068965517241,0.7338129449573003,1.0,0.8390804597701149,0.9124999950382812,1.0,0.632183908045977,0.7746478825778615
0.9615384615384616,0.8152173913043478,0.8823529362103807,0.9605263157894736,0.7934782608695652,0.8690476140929705,0.975,0.8478260869565217,0.906976739210384,1.0,0.6630434782608695,0.7973856161202956
0.8928571428571429,0.6172839506172839,0.7299270024657681,0.9818181818181818,0.6666666666666666,0.7941176422415658,0.9285714285714286,0.6419753086419753,0.7591240827577388,1.0,0.6666666666666666,0.7999999952000001
1.0,0.8852459016393442,0.9391304298011344,1.0,0.6557377049180327,0.7920792031369475,1.0,0.9016393442622952,0.9482758570823424,1.0,0.8688524590163934,0.9298245564281318
0.9019607843137256,0.6666666666666666,0.7666666617791668,0.951219512195122,0.5652173913043478,0.7090909044148762,0.9090909090909092,0.7246376811594203,0.8064516079669616,1.0,0.7101449275362319,0.8305084697199082
0.922077922077922,0.7888888888888889,0.8502993962279035,0.9746835443037974,0.8555555555555555,0.9112425985714786,0.9875,0.8777777777777778,0.9294117597231836,1.0,0.5111111111111111,0.6764705837586505
0.967741935483871,0.7894736842105263,0.8695652124427642,0.9423076923076924,0.6447368421052632,0.7656249951757813,0.9558823529411764,0.8552631578947368,0.90277777279321,1.0,0.6447368421052632,0.78399999523328
0.9315068493150684,0.68,0.7861271627518461,0.9710144927536232,0.67,0.7928994034522602,0.9625,0.77,0.855555550617284,1.0,0.58,0.7341772105431822
0.9285714285714286,0.8125,0.866666661688889,0.9152542372881356,0.675,0.7769784123803117,0.96875,0.775,0.8611111061728397,1.0,0.675,0.8059701444419693
0.984126984126984,0.8611111111111112,0.9185185135407408,0.9666666666666668,0.8055555555555556,0.8787878738292013,0.9696969696969696,0.8888888888888888,0.9275362268935098,1.0,0.625,0.7692307644970415
0.9807692307692308,0.6538461538461539,0.7846153798153848,0.9636363636363636,0.6794871794871795,0.7969924763525356,1.0,0.9230769230769232,0.959999995008,1.0,0.5128205128205128,0.6779660972134445
0.925925925925926,0.5617977528089888,0.6993006946002249,0.8867924528301887,0.5280898876404494,0.6619718263072804,0.9696969696969696,0.7191011235955056,0.8258064467229969,1.0,0.9775280898876404,0.9886363586370092
0.8703703703703703,0.6266666666666667,0.7286821656751397,0.912280701754386,0.6933333333333334,0.7878787829717632,0.9833333333333332,0.7866666666666666,0.8740740691358024,1.0,0.8266666666666667,0.905109484096116
0.9285714285714286,0.5492957746478874,0.6902654820549771,0.945945945945946,0.4929577464788732,0.6481481436436901,0.9473684210526316,0.5070422535211268,0.6605504541738911,1.0,0.9859154929577464,0.9929077964186912
0.9859154929577464,0.8974358974358975,0.9395973104472772,1.0,0.7948717948717948,0.8857142807795919,1.0,0.8974358974358975,0.9459459409605552,1.0,0.5769230769230769,0.7317073124330755
0.9787234042553192,0.6764705882352942,0.7999999951667297,1.0,0.7352941176470589,0.84745762223499,0.9148936170212766,0.6323529411764706,0.7478260821232514,1.0,0.9852941176470588,0.9925925875928672
0.971830985915493,0.7931034482758621,0.8734177165702612,0.972972972972973,0.8275862068965517,0.8944099329207978,0.9,0.8275862068965517,0.8622754441105813,1.0,0.632183908045977,0.7746478825778615
0.9659090909090908,0.7727272727272727,0.858585853647587,0.9871794871794872,0.7,0.8191489313150747,0.989247311827957,0.8363636363636363,0.9064039359217646,1.0,0.7272727272727273,0.8421052582825486
0.9827586206896552,0.7702702702702703,0.8636363587098256,0.9322033898305084,0.7432432432432432,0.8270676642365311,0.9833333333333332,0.7972972972972973,0.880597009979951,1.0,0.5405405405405406,0.7017543814096646
0.9866666666666668,0.6727272727272727,0.7999999951789628,0.975,0.7090909090909091,0.8210526267036012,1.0,0.7909090909090909,0.8832487260326213,1.0,0.7,0.8235294069204152
0.9523809523809524,0.7352941176470589,0.8298755137549286,0.9693877551020408,0.6985294117647058,0.8119658070976696,0.9669421487603306,0.8602941176470589,0.9105058315929084,1.0,0.5220588235294118,0.6859903336572617
1.0,0.7951807228915663,0.8859060353335435,0.9666666666666668,0.6987951807228916,0.8111888063181575,1.0,0.8433734939759037,0.9150326747746594,1.0,0.7590361445783133,0.8630136937239632
0.979381443298969,0.7916666666666666,0.8755760319225296,0.9529411764705882,0.675,0.790243897584771,0.9902912621359224,0.85,0.9147982013070844,1.0,0.575,0.7301587255228017
0.96875,0.8266666666666667,0.8920863259665649,0.953125,0.8133333333333334,0.8776978367579319,1.0,0.88,0.9361702077863288,1.0,0.6666666666666666,0.7999999952000001
1.0,0.8529411764705882,0.9206349156664146,1.0,0.5735294117647058,0.7289719579841034,1.0,0.8823529411764706,0.9374999950195312,1.0,0.8970588235294118,0.94573642912325
0.95,0.5327102803738317,0.6826347259349564,0.9733333333333334,0.6822429906542056,0.802197797352373,0.9318181818181818,0.7663551401869159,0.8410256360731098,1.0,0.616822429906542,0.7630057756276521
0.9583333333333334,0.5476190476190477,0.6969696923415979,0.9705882352941176,0.7857142857142857,0.8684210476869806,1.0,0.9523809523809524,0.9756097511005354,1.0,0.7857142857142857,0.8799999950720001
0.9782608695652174,0.7627118644067796,0.857142852219501,1.0,0.7457627118644068,0.8543689271448771,1.0,0.8135593220338984,0.8971962567350861,1.0,0.9661016949152542,0.9827586156911416
0.8780487804878049,0.6923076923076923,0.7741935434570469,0.9761904761904762,0.7884615384615384,0.8723404205885016,1.0,0.8653846153846154,0.9278350465724308,1.0,0.9807692307692308,0.9902912571363937
0.9361702127659576,0.6567164179104478,0.7719298197152971,0.9772727272727272,0.6417910447761194,0.7747747699894488,0.9833333333333332,0.8805970149253731,0.9291338532829068,1.0,0.835820895522388,0.9105691007310464
1.0,0.7454545454545455,0.8541666617730035,1.0,0.7636363636363637,0.8659793765331066,1.0,0.8363636363636363,0.9108910841486128,1.0,0.8545454545454545,0.921568622481738
1.0,0.8269230769230769,0.9052631529396122,0.9782608695652174,0.8653846153846154,0.9183673419575178,1.0,0.8653846153846154,0.9278350465724308,1.0,0.4807692307692308,0.6493506449654243
1.0,0.8070175438596491,0.8932038785521728,0.9883720930232558,0.7456140350877193,0.8499999950980001,1.0,0.8859649122807017,0.9395348787392104,1.0,0.4912280701754385,0.6588235249937716
0.903846153846154,0.6025641025641025,0.7230769182769231,0.951219512195122,0.5,0.6554621803573194,0.9838709677419356,0.782051282051282,0.8714285664938777,1.0,0.4615384615384615,0.6315789430470914
1.0,0.75,0.8571428522448981,1.0,0.6875,0.8148148099862826,1.0,0.78125,0.8771929775315482,1.0,0.96875,0.984126979128244
0.9615384615384616,0.8064516129032258,0.8771929774946138,0.9615384615384616,0.8064516129032258,0.8771929774946138,0.9622641509433962,0.8225806451612904,0.8869565167697543,1.0,0.9032258064516128,0.9491525373858086
0.98,0.765625,0.8596491178824254,0.9791666666666666,0.734375,0.8392857093877552,0.9807692307692308,0.796875,0.8793103398810939,1.0,0.703125,0.8256880685464187
0.9117647058823528,0.6326530612244898,0.7469879469705328,0.9696969696969696,0.6530612244897959,0.7804878000684117,1.0,0.6530612244897959,0.7901234520103644,1.0,0.979591836734694,0.989690716650016
0.9166666666666666,0.6470588235294118,0.7586206848038051,0.9705882352941176,0.6470588235294118,0.7764705834352943,0.975,0.7647058823529411,0.8571428522159159,1.0,0.9803921568627452,0.9900990049014802
0.9333333333333332,0.6363636363636364,0.7567567519357196,0.9696969696969696,0.7272727272727273,0.8311688262708721,0.972972972972973,0.8181818181818182,0.888888883926231,1.0,0.9772727272727272,0.9885057421270974
0.9753086419753086,0.8404255319148937,0.9028571378847348,0.948051948051948,0.776595744680851,0.8538011646400602,0.9647058823529412,0.8723404255319149,0.9162011123310758,1.0,0.5425531914893617,0.7034482713017837
1.0,0.8114754098360656,0.89592759686411,0.989010989010989,0.7377049180327869,0.8450704176411207,1.0,0.9262295081967212,0.961702122666908,1.0,0.6311475409836066,0.7738693419893438
1.0,0.96875,0.984126979128244,1.0,0.90625,0.9508196671432412,1.0,0.875,0.9333333283555556,1.0,0.59375,0.7450980345405613
0.8823529411764706,0.6382978723404256,0.740740735869532,0.9722222222222222,0.7446808510638298,0.8433734890637248,1.0,0.7446808510638298,0.853658531692445,1.0,0.6382978723404256,0.7792207744644967
0.9411764705882352,0.8421052631578947,0.888888883904321,0.96875,0.8157894736842105,0.8857142807510204,1.0,0.9473684210526316,0.9729729679766254,1.0,0.9473684210526316,0.9729729679766254
0.9850746268656716,0.8354430379746836,0.9041095840748732,0.9824561403508772,0.7088607594936709,0.8235294068955451,0.9666666666666668,0.7341772151898734,0.8345323691941412,1.0,0.759493670886076,0.8633093476114073
1.0,0.8717948717948718,0.9315068443385252,1.0,0.9743589743589745,0.9870129820138304,0.9722222222222222,0.8974358974358975,0.9333333283413332,1.0,0.282051282051282,0.4399999965680001
0.979591836734694,0.6666666666666666,0.7933884249327231,0.903846153846154,0.6527777777777778,0.7580645112591051,0.9814814814814816,0.7361111111111112,0.8412698363718824,1.0,0.5694444444444444,0.7256637121904613
1.0,0.9090909090909092,0.9523809473922904,1.0,0.9090909090909092,0.9523809473922904,1.0,0.9090909090909092,0.9523809473922904,1.0,0.6666666666666666,0.7999999952000001
0.9649122807017544,0.8461538461538461,0.9016393392837948,0.981132075471698,0.8,0.8813559272550991,0.9833333333333332,0.9076923076923076,0.943999995008,1.0,0.7230769230769231,0.8392857094148597
0.95,0.76,0.8444444395061729,1.0,0.6133333333333333,0.7603305737996039,0.9692307692307692,0.84,0.8999999950255102,1.0,0.72,0.8372092974580855
0.9701492537313432,0.6989247311827957,0.8124999951320313,0.921875,0.6344086021505376,0.7515923518584934,0.9836065573770492,0.6451612903225806,0.7792207744366673,1.0,0.5698924731182796,0.726027392635579
0.8985507246376812,0.7469879518072289,0.8157894687266274,0.9076923076923076,0.7108433734939759,0.7972972923712565,0.9705882352941176,0.7951807228915663,0.8741721804798035,1.0,0.8313253012048193,0.9078947318845222
0.967741935483871,0.8653846153846154,0.9137055787719344,0.9444444444444444,0.6538461538461539,0.7727272678925621,0.967391304347826,0.8557692307692307,0.9081632603248648,1.0,0.3942307692307692,0.5655172373231867
0.963302752293578,0.7894736842105263,0.8677685900904994,0.9775280898876404,0.6541353383458647,0.7837837789801965,0.9743589743589745,0.8571428571428571,0.91199999502048,1.0,0.5413533834586466,0.7024390198329566
1.0,0.8076923076923077,0.8936170163331825,0.9818181818181818,0.6923076923076923,0.812030070337498,1.0,0.8589743589743589,0.924137926063258,1.0,0.6153846153846154,0.7619047571882087
0.912280701754386,0.6933333333333334,0.7878787829717632,0.9787234042553192,0.6133333333333333,0.7540983559191079,0.935483870967742,0.7733333333333333,0.8467153235121744,1.0,0.8,0.8888888839506174
0.9032258064516128,0.7,0.7887323894465385,0.9583333333333334,0.575,0.7187499953125001,0.9852941176470588,0.8375,0.9054054004382762,1.0,0.625,0.7692307644970415
0.926829268292683,0.6333333333333333,0.7524752427016961,0.926829268292683,0.6333333333333333,0.7524752427016961,0.9545454545454546,0.7,0.807692302810651,1.0,0.8833333333333333,0.93805309236432
0.9384615384615383,0.6777777777777778,0.7870967693236213,0.9642857142857144,0.6,0.739726022668418,0.9452054794520548,0.7666666666666667,0.8466257619255524,1.0,0.5,0.6666666622222223
0.9069767441860463,0.75,0.8210526266238228,0.85,0.6538461538461539,0.739130429867675,0.9361702127659576,0.8461538461538461,0.8888888839016428,1.0,0.9615384615384616,0.9803921518646674
0.9767441860465116,0.84,0.90322580147994,0.9473684210526316,0.72,0.8181818132747933,0.9767441860465116,0.84,0.90322580147994,1.0,0.51,0.675496684268234
0.9420289855072465,0.7558139534883721,0.8387096724795006,1.0,0.7325581395348837,0.8456375790117563,0.9722222222222222,0.813953488372093,0.8860759444063453,1.0,0.6744186046511628,0.8055555507445988
0.9558823529411764,0.8666666666666667,0.9090909041028902,0.9491525423728814,0.7466666666666667,0.8358208905936736,0.9714285714285714,0.9066666666666666,0.937931029488704,1.0,0.5333333333333333,0.6956521693761816
0.94,0.734375,0.8245613985841799,0.9333333333333332,0.65625,0.7706421969867857,0.9411764705882352,0.75,0.8347826037595463,1.0,0.75,0.8571428522448981
0.9344262295081968,0.7037037037037037,0.8028168965076374,0.935483870967742,0.7160493827160493,0.8111888062770796,0.953125,0.7530864197530864,0.8413793054135553,1.0,0.6049382716049383,0.7538461491491125
0.9634146341463414,0.797979797979798,0.8729281718396875,0.9850746268656716,0.6666666666666666,0.7951807180773697,1.0,0.9191919191919192,0.9578947318509696,1.0,0.494949494949495,0.6621621577328343
0.9230769230769232,0.5714285714285714,0.7058823482179931,0.926829268292683,0.6031746031746031,0.7307692259929734,0.9782608695652174,0.7142857142857143,0.8256880685161183,1.0,0.8412698412698413,0.913793098485434
0.8947368421052632,0.7555555555555555,0.8192771034692989,1.0,0.8222222222222222,0.9024390194378348,0.9743589743589745,0.8444444444444444,0.9047618997874152,1.0,0.9777777777777776,0.9887640399444514
0.92,0.5348837209302325,0.6764705835856402,0.96875,0.7209302325581395,0.8266666617742222,0.967741935483871,0.6976744186046512,0.8108108059422938,1.0,0.7674418604651163,0.8684210477181441
0.974025974025974,0.7978723404255319,0.8771929775055574,0.9743589743589745,0.8085106382978723,0.8837209252758248,0.95,0.8085106382978723,0.8735632134231736,1.0,0.648936170212766,0.7870967694201874
0.9365079365079364,0.7023809523809523,0.8027210835374149,0.9545454545454546,0.75,0.8399999950720001,1.0,0.8333333333333334,0.9090909041322316,1.0,0.6666666666666666,0.7999999952000001
0.875,0.6222222222222222,0.7272727224152472,0.96875,0.6888888888888889,0.805194800337325,0.9166666666666666,0.7333333333333333,0.8148148098765432,1.0,0.6,0.7499999953125
0.967741935483871,0.5357142857142857,0.6896551678266615,0.9347826086956522,0.7678571428571429,0.8431372499500194,1.0,0.7857142857142857,0.8799999950720001,1.0,0.875,0.9333333283555556
0.94,0.7014925373134329,0.8034187985243626,1.0,0.7313432835820896,0.844827581327289,0.9215686274509804,0.7014925373134329,0.7966101645834531,1.0,0.6119402985074627,0.7592592545490399
0.9545454545454546,0.6494845360824743,0.7730061301501752,0.9710144927536232,0.6907216494845361,0.8072289108049064,0.9746835443037974,0.7938144329896907,0.8749999950522985,1.0,0.6185567010309279,0.7643312054687817
0.9230769230769232,0.8,0.8571428521683674,0.9333333333333332,0.7,0.7999999951020409,0.9629629629629628,0.8666666666666667,0.9122806967682364,1.0,0.7166666666666667,0.8349514514468848
0.9863013698630136,0.8181818181818182,0.8944099329315999,1.0,0.7840909090909091,0.8789808867929734,1.0,0.9090909090909092,0.9523809473922904,1.0,0.6363636363636364,0.7777777730246914
0.9661016949152542,0.7916666666666666,0.8702290026828274,0.9661016949152542,0.7916666666666666,0.8702290026828274,0.9666666666666668,0.8055555555555556,0.8787878738292013,1.0,0.7222222222222222,0.8387096725494276
0.945945945945946,0.8536585365853658,0.8974358924490468,1.0,0.7926829268292683,0.884353736563469,1.0,0.8780487804878049,0.935064930086018,1.0,0.5487804878048781,0.7086614127472256
0.9759036144578314,0.7431192660550459,0.8437499950916885,0.9761904761904762,0.7522935779816514,0.849740927726382,0.9896907216494846,0.8807339449541285,0.9320388299684232,1.0,0.3853211009174312,0.5562913867128636
0.9642857142857144,0.574468085106383,0.719999995320889,0.9473684210526316,0.7659574468085106,0.847058818585467,1.0,0.8297872340425532,0.9069767392293132,1.0,0.9787234042553192,0.9892473068285352
0.953125,0.8133333333333334,0.8776978367579319,0.9838709677419356,0.8133333333333334,0.8905109439501306,1.0,0.8,0.8888888839506174,1.0,0.5466666666666666,0.7068965471536861
0.9183673469387756,0.6923076923076923,0.7894736793090181,0.951219512195122,0.6,0.7358490518600925,0.96,0.7384615384615385,0.8347826037807184,1.0,0.6307692307692307,0.7735849009166964
0.9555555555555556,0.7543859649122807,0.843137249971165,1.0,0.8421052631578947,0.914285709322449,1.0,0.8421052631578947,0.914285709322449,1.0,0.7543859649122807,0.859999995098
1.0,0.7868852459016393,0.8807339400252504,0.9487179487179488,0.6065573770491803,0.739999995242,1.0,0.8688524590163934,0.9298245564281318,1.0,0.9836065573770492,0.9917355321904242
1.0,0.7719298245614035,0.8712871237957064,1.0,0.7894736842105263,0.8823529362456748,1.0,0.8947368421052632,0.9444444394598766,1.0,0.6666666666666666,0.7999999952000001
1.0,0.9375,0.967741930489074,1.0,0.9375,0.967741930489074,1.0,0.96875,0.984126979128244,1.0,0.96875,0.984126979128244
0.8529411764705882,0.6744186046511628,0.7532467483150616,0.9473684210526316,0.8372093023255814,0.8888888839079409,1.0,0.9069767441860463,0.9512195072070198,1.0,0.9767441860465116,0.9882352891183392
1.0,0.7884615384615384,0.8817204251774773,1.0,0.5384615384615384,0.6999999954500001,1.0,0.8076923076923077,0.8936170163331825,1.0,0.8076923076923077,0.8936170163331825
0.935483870967742,0.725,0.8169014035310453,0.9714285714285714,0.85,0.906666661688889,0.972972972972973,0.9,0.9350649300725248,1.0,0.975,0.9873417671526998
0.9821428571428572,0.6875,0.8088235245674741,0.9636363636363636,0.6625,0.7851851803566531,0.9696969696969696,0.8,0.8767123238130983,1.0,0.4375,0.6086956479395086
0.8703703703703703,0.6911764705882353,0.770491798344531,0.9655172413793104,0.8235294117647058,0.8888888839203831,0.9818181818181818,0.7941176470588235,0.8780487755436579,1.0,0.9852941176470588,0.9925925875928672
0.9767441860465116,0.7777777777777778,0.8659793765075993,0.9761904761904762,0.7592592592592593,0.8541666617447918,0.9791666666666666,0.8703703703703703,0.9215686224682816,1.0,0.7962962962962963,0.8865979332086301
1.0,0.7380952380952381,0.8493150636066805,1.0,0.6904761904761905,0.8169014036183297,1.0,0.7380952380952381,0.8493150636066805,1.0,0.6666666666666666,0.7999999952000001
1.0,0.625,0.7692307644970415,1.0,0.609375,0.7572815486926195,1.0,0.734375,0.8468468419641263,1.0,0.8125,0.8965517191914388
0.9322033898305084,0.7333333333333333,0.8208955174593451,0.9642857142857144,0.72,0.824427476021211,0.9850746268656716,0.88,0.9295774598046022,1.0,0.6,0.7499999953125
0.9848484848484848,0.8125,0.8904109539500845,1.0,0.7125,0.8321167834620918,1.0,0.7625,0.8652482220411448,1.0,0.6625,0.7969924764090678
1.0,0.8252427184466019,0.9042553141947712,1.0,0.7669902912621359,0.8681318632188142,1.0,0.9029126213592232,0.94897958684975,1.0,0.5728155339805825,0.7283950570972413
0.9148936170212766,0.6515151515151515,0.7610619420440129,0.9767441860465116,0.6363636363636364,0.7706421970574868,0.98,0.7424242424242424,0.8448275813020214,1.0,0.8484848484848485,0.9180327819188392
0.9818181818181818,0.6666666666666666,0.7941176422415658,1.0,0.6049382716049383,0.7538461491491125,0.984375,0.7777777777777778,0.8689655123101071,1.0,0.7530864197530864,0.8591549246766516
1.0,0.6176470588235294,0.7636363589157026,1.0,0.6764705882352942,0.8070175390458604,1.0,0.7941176470588235,0.8852458967051868,1.0,0.9705882352941176,0.9850746218667856
1.0,0.95,0.9743589693622616,1.0,0.775,0.8732394317000597,0.945945945945946,0.875,0.9090909040984988,1.0,0.45,0.6206896508917956
0.9615384615384616,0.7575757575757576,0.8474576221890263,1.0,0.7424242424242424,0.8521739081527411,1.0,0.803030303030303,0.8907562975806793,1.0,0.6363636363636364,0.7777777730246914
0.9705882352941176,0.9166666666666666,0.9428571378612244,0.9705882352941176,0.9166666666666666,0.9428571378612244,1.0,0.9861111111111112,0.9930069880072376,1.0,0.9861111111111112,0.9930069880072376
0.9836065573770492,0.8571428571428571,0.9160305293747452,0.9833333333333332,0.8428571428571429,0.9076923027218936,0.9672131147540984,0.8428571428571429,0.900763353802226,1.0,0.7285714285714285,0.8429752017348542
0.95,0.8260869565217391,0.8837209252568958,0.9420289855072465,0.7065217391304348,0.8074534112511093,0.9882352941176472,0.9130434782608696,0.9491525373807016,1.0,0.5217391304347826,0.6857142812081632
0.9705882352941176,0.75,0.8461538412360289,0.9285714285714286,0.5909090909090909,0.722222217469136,1.0,0.8181818181818182,0.8999999950500001,1.0,0.9772727272727272,0.9885057421270974
0.9146341463414634,0.7075471698113207,0.7978723355070168,0.9382716049382716,0.7169811320754716,0.8128342196882953,0.9534883720930232,0.7735849056603774,0.8541666617209203,1.0,0.490566037735849,0.658227843685307
0.9761904761904762,0.6949152542372882,0.8118811832604647,0.979591836734694,0.8135593220338984,0.8888888839317559,1.0,0.8813559322033898,0.9369369319568218,1.0,0.7796610169491526,0.8761904712671202
0.9411764705882352,0.8421052631578947,0.888888883904321,0.9333333333333332,0.7368421052631579,0.8235294068339101,0.9473684210526316,0.4736842105263157,0.6315789429239765,1.0,0.9736842105263158,0.9866666616675556
0.953846153846154,0.775,0.8551724088466112,0.9454545454545454,0.65,0.7703703655418381,0.9848484848484848,0.8125,0.8904109539500845,1.0,0.6125,0.7596899177693649
0.9876543209876544,0.851063829787234,0.9142857093133062,1.0,0.8191489361702128,0.9005847903710544,1.0,0.8829787234042553,0.937853102363944,1.0,0.5957446808510638,0.7466666619875556
0.9591836734693876,0.7833333333333333,0.8623853161518392,0.9361702127659576,0.7333333333333333,0.8224299016158617,0.9387755102040816,0.7666666666666667,0.8440366922986281,1.0,0.9833333333333332,0.9915966336558152
0.9333333333333332,0.6086956521739131,0.7368421004847646,0.9696969696969696,0.6956521739130435,0.8101265774138761,0.9743589743589745,0.8260869565217391,0.8941176420927336,1.0,0.8478260869565217,0.9176470538574396
0.9534883720930232,0.7454545454545455,0.8367346889525199,0.9772727272727272,0.7818181818181819,0.868686863748597,1.0,0.8909090909090909,0.9423076873243345,1.0,0.5818181818181818,0.7356321792574977
0.9347826086956522,0.6615384615384615,0.7747747699212726,0.9607843137254902,0.7538461538461538,0.8448275812797265,1.0,0.9384615384615383,0.9682539632590074,1.0,0.8307692307692308,0.907563020252807
0.9666666666666668,0.6304347826086957,0.7631578899584488,0.9705882352941176,0.717391304347826,0.8249999951125,1.0,0.8043478260869565,0.8915662601190304,1.0,0.9565217391304348,0.977777772780247
0.8979591836734694,0.6984126984126984,0.7857142807924108,1.0,0.7936507936507936,0.8849557472785654,0.981132075471698,0.8253968253968254,0.8965517191750891,1.0,0.984126984126984,0.99199999500032
0.9516129032258064,0.8082191780821918,0.8740740691072703,0.9344262295081968,0.7808219178082192,0.8507462636968146,0.9523809523809524,0.821917808219178,0.8823529362035035,1.0,0.6301369863013698,0.7731092389548762
0.9821428571428572,0.8333333333333334,0.9016393392958882,1.0,0.8181818181818182,0.8999999950500001,1.0,0.9242424242424242,0.9606299162675924,1.0,0.4545454545454545,0.624999995703125
0.961038961038961,0.8043478260869565,0.8757396400098036,1.0,0.7282608695652174,0.842767290721095,1.0,0.8695652173913043,0.9302325531638724,1.0,0.6847826086956522,0.8129032209814777
0.9659090909090908,0.794392523364486,0.8717948668423405,0.9873417721518988,0.7289719626168224,0.8387096725326628,0.9634146341463414,0.7383177570093458,0.8359788310663195,1.0,0.4485981308411215,0.6193548344341311
0.875,0.5737704918032787,0.6930693021468484,0.8409090909090909,0.6065573770491803,0.7047618998929707,0.8863636363636364,0.639344262295082,0.7428571379882088,1.0,0.9836065573770492,0.9917355321904242
0.88,0.6666666666666666,0.7586206847502973,0.9272727272727272,0.7727272727272727,0.8429752016528926,0.9672131147540984,0.8939393939393939,0.9291338532754666,1.0,0.7575757575757576,0.8620689606123663
0.921875,0.7468354430379747,0.8251748202298401,0.9682539682539684,0.7721518987341772,0.8591549246409443,0.953125,0.7721518987341772,0.853146848201868,1.0,0.6582278481012658,0.7938931249833926
0.98,0.6805555555555556,0.8032786836871809,0.9772727272727272,0.5972222222222222,0.7413793056361476,0.9629629629629628,0.7222222222222222,0.8253968204988662,1.0,0.9861111111111112,0.9930069880072376
0.9285714285714286,0.6842105263157895,0.7878787829935721,0.981132075471698,0.6842105263157895,0.8062015455465417,0.9298245614035088,0.6973684210526315,0.7969924763050483,1.0,0.881578947368421,0.9370629320827424
1.0,0.8666666666666667,0.9285714235969388,1.0,0.7777777777777778,0.8749999950781251,1.0,0.9333333333333332,0.9655172363852556,1.0,0.9777777777777776,0.9887640399444514
1.0,0.6875,0.8148148099862826,1.0,0.7708333333333334,0.8705882303778547,1.0,0.8333333333333334,0.9090909041322316,1.0,0.7708333333333334,0.8705882303778547
0.95,0.8507462686567164,0.8976377902907806,0.9661016949152542,0.8507462686567164,0.904761899782061,0.9830508474576272,0.8656716417910447,0.9206349156550768,1.0,0.5671641791044776,0.7238095191909298
0.9491525423728814,0.7567567567567568,0.8421052582214937,0.9642857142857144,0.7297297297297297,0.8307692258650888,0.9846153846153848,0.8648648648648649,0.9208633043734796,1.0,0.8648648648648649,0.927536226910313
0.9523809523809524,0.8333333333333334,0.8888888839111112,1.0,0.75,0.8571428522448981,1.0,0.8541666666666666,0.921348309637672,1.0,0.6354166666666666,0.7770700589427564
0.9743589743589745,0.926829268292683,0.9499999950031252,1.0,0.902439024390244,0.948717943731098,0.9210526315789472,0.8536585365853658,0.8860759443742992,1.0,0.975609756097561,0.9876543159884164
0.9803921568627452,0.78125,0.8695652124551985,0.98,0.765625,0.8596491178824254,1.0,0.875,0.9333333283555556,1.0,0.984375,0.9921259792522784
0.9655172413793104,0.8,0.8749999950439455,0.9487179487179488,0.7047619047619048,0.808743164507749,0.9545454545454546,0.8,0.8704663162823164,1.0,0.8,0.8888888839506174
1.0,0.8205128205128205,0.9014084457528267,1.0,0.717948717948718,0.8358208906571619,1.0,0.8333333333333334,0.9090909041322316,1.0,0.9487179487179488,0.9736842055297784
0.9365079365079364,0.7375,0.8251748202454888,0.984375,0.7875,0.8749999950617283,0.9714285714285714,0.85,0.906666661688889,1.0,0.6375,0.7786259494435056
0.972972972972973,0.8181818181818182,0.888888883926231,0.9710144927536232,0.7613636363636364,0.853503179786604,0.9726027397260274,0.8068181818181818,0.8819875726831528,1.0,0.7159090909090909,0.8344370812297708
0.8947368421052632,0.6296296296296297,0.7391304299338375,0.975609756097561,0.7407407407407407,0.8421052582515235,0.9375,0.8333333333333334,0.8823529361937716,1.0,0.6851851851851852,0.8131868083613092
1.0,0.828125,0.905982901027102,0.9803921568627452,0.78125,0.8695652124551985,1.0,0.890625,0.9421487553473123,1.0,0.78125,0.8771929775315482
0.8936170212765957,0.6774193548387096,0.7706421969295513,0.979591836734694,0.7741935483870968,0.864864859933447,1.0,0.9032258064516128,0.9491525373858086,1.0,0.6612903225806451,0.7961165000622115
0.9759036144578314,0.8181818181818182,0.890109885148533,0.9866666666666668,0.7474747474747475,0.8505747077388031,1.0,0.8080808080808081,0.8938547436596861,1.0,0.4848484848484848,0.6530612200916286
0.9487179487179488,0.7474747474747475,0.8361581871607776,0.9873417721518988,0.7878787878787878,0.8764044894451458,1.0,0.9090909090909092,0.9523809473922904,1.0,0.6262626262626263,0.7701863306677984
0.9347826086956522,0.8113207547169812,0.8686868637118662,1.0,0.8301886792452831,0.9072164898884048,0.9565217391304348,0.8301886792452831,0.8888888839138864,0.9722222222222222,0.660377358490566,0.7865168491150107
0.9833333333333332,0.7195121951219512,0.8309859106129737,0.9508196721311476,0.7073170731707317,0.8111888062966405,1.0,0.8170731707317073,0.8993288541110761,1.0,0.5975609756097561,0.7480915983707243
0.9298245614035088,0.726027397260274,0.8153846104603552,0.9649122807017544,0.7534246575342466,0.8461538412295858,0.9705882352941176,0.9041095890410958,0.9361702077722448,1.0,0.5616438356164384,0.7192982410080025
0.9782608695652174,0.6818181818181818,0.8035714237308673,0.9767441860465116,0.6363636363636364,0.7706421970574868,0.9761904761904762,0.6212121212121212,0.7592592545061729,1.0,0.9848484848484848,0.992366407214032
0.8913043478260869,0.6507936507936508,0.7522935731032743,0.9803921568627452,0.7936507936507936,0.877192977511542,0.9583333333333334,0.7301587301587301,0.8288288239201365,1.0,0.6507936507936508,0.7884615336852812
0.9,0.7012987012987013,0.7883211629602004,0.9666666666666668,0.7532467532467533,0.846715323544142,1.0,0.8701298701298701,0.9305555505796682,1.0,0.5974025974025974,0.7479674749923988
0.82,0.5189873417721519,0.6356589099813713,0.8928571428571429,0.6329113924050633,0.7407407358858711,0.9344262295081968,0.7215189873417721,0.8142857093683674,1.0,0.6455696202531646,0.7846153798473374
0.988095238095238,0.7757009345794392,0.8691099427164827,1.0,0.6542056074766355,0.7909604471958889,1.0,0.7757009345794392,0.8736842056060943,1.0,0.4205607476635514,0.5921052589897854
1.0,0.8809523809523809,0.9367088557795226,1.0,0.8809523809523809,0.9367088557795226,1.0,0.9047619047619048,0.9499999950125,1.0,0.9761904761904762,0.9879518022296414
1.0,0.925,0.961038956046551,0.9117647058823528,0.775,0.8378378328707087,1.0,0.925,0.961038956046551,1.0,0.975,0.9873417671526998
0.9444444444444444,0.7906976744186046,0.8607594887101427,0.9117647058823528,0.7209302325581395,0.8051948002631135,0.9743589743589745,0.8837209302325582,0.9268292633045808,1.0,0.813953488372093,0.8974358924884944
1.0,0.7636363636363637,0.8659793765331066,0.9523809523809524,0.7272727272727273,0.8247422631310448,0.9791666666666666,0.8545454545454545,0.9126213542463948,1.0,0.5818181818181818,0.7356321792574977
0.8870967741935484,0.7236842105263158,0.7971014443268222,0.9516129032258064,0.7763157894736842,0.8550724588195758,0.9836065573770492,0.7894736842105263,0.8759124038190634,1.0,0.6973684210526315,0.821705421515534
0.9803921568627452,0.8333333333333334,0.9009008959337717,1.0,0.8833333333333333,0.93805309236432,0.981132075471698,0.8666666666666667,0.9203539773200722,1.0,0.9833333333333332,0.9915966336558152
0.9682539682539684,0.7625,0.8531468482175169,0.967741935483871,0.75,0.8450704176155526,0.9726027397260274,0.8875,0.9281045701738648,1.0,0.7,0.8235294069204152
0.9807692307692308,0.7611940298507462,0.8571428522223008,0.9803921568627452,0.746268656716418,0.8474576222105717,1.0,0.7910447761194029,0.883333328401389,1.0,0.746268656716418,0.854700849806414
0.972972972972973,0.75,0.8470588186131489,1.0,0.6666666666666666,0.7999999952000001,0.9428571428571428,0.6875,0.7951807180142256,1.0,0.9791666666666666,0.9894736792110804
0.9423076923076924,0.8305084745762712,0.8828828779027676,0.9777777777777776,0.7457627118644068,0.8461538412444528,0.94,0.7966101694915254,0.8623853161350055,0.9772727272727272,0.7288135593220338,0.8349514514167217
0.8823529411764706,0.6617647058823529,0.7563025161104443,1.0,0.7647058823529411,0.8666666617555556,0.9607843137254902,0.7205882352941176,0.8235294068667468,1.0,0.6911764705882353,0.8173912995145558
0.9733333333333334,0.8295454545454546,0.8957055165041967,0.9696969696969696,0.7272727272727273,0.8311688262708721,0.9733333333333334,0.8295454545454546,0.8957055165041967,1.0,0.5227272727272727,0.6865671596703052
0.8863636363636364,0.7090909090909091,0.7878787829405164,0.951219512195122,0.7090909090909091,0.8124999951063369,0.8888888888888888,0.7272727272727273,0.79999999505,1.0,0.9818181818181818,0.9908256830738154
0.9701492537313432,0.7558139534883721,0.8496731976914863,0.9855072463768116,0.7906976744186046,0.8774193498988554,0.9722222222222222,0.813953488372093,0.8860759444063453,1.0,0.5116279069767442,0.6769230724449705
0.972972972972973,0.7128712871287128,0.8228571379761633,0.9090909090909092,0.594059405940594,0.7185628694711177,0.9506172839506172,0.7623762376237624,0.8461538412142254,1.0,0.4356435643564356,0.6068965474967896
1.0,0.7894736842105263,0.8823529362456748,1.0,0.8070175438596491,0.8932038785521728,1.0,0.8070175438596491,0.8932038785521728,1.0,0.631578947368421,0.7741935436420396
1.0,0.8727272727272727,0.93203882997455,0.9803921568627452,0.9090909090909092,0.9433962214222144,1.0,0.9454545454545454,0.9719626118263603,1.0,0.9818181818181818,0.9908256830738154
0.9111111111111112,0.6833333333333333,0.7809523760544218,1.0,0.7166666666666667,0.8349514514468848,0.96,0.8,0.8727272677685951,1.0,0.45,0.6206896508917956
0.96,0.7384615384615385,0.8347826037807184,0.98,0.7538461538461538,0.8521739081285444,0.9622641509433962,0.7846153846153846,0.8644067747127263,1.0,0.6153846153846154,0.7619047571882087
0.8679245283018868,0.6865671641791045,0.7666666617347222,0.9607843137254902,0.7313432835820896,0.8305084696681989,0.9672131147540984,0.8805970149253731,0.9218749950109864,1.0,0.8805970149253731,0.9365079315280928
0.9692307692307692,0.8076923076923077,0.8811188761602036,0.9803921568627452,0.6410256410256411,0.7751937936686497,1.0,0.782051282051282,0.8776978368014079,1.0,0.6282051282051282,0.7716535385677972
0.967741935483871,0.6818181818181818,0.7999999951502224,1.0,0.7045454545454546,0.826666661816889,1.0,0.7954545454545454,0.8860759444319821,1.0,0.9772727272727272,0.9885057421270974
0.9743589743589745,0.6909090909090909,0.8085106334427343,1.0,0.7090909090909091,0.8297872291874152,1.0,0.7818181818181819,0.8775510154831322,1.0,0.9818181818181818,0.9908256830738154
0.9230769230769232,0.7272727272727273,0.8135593171042804,0.9591836734693876,0.7121212121212122,0.8173912994570889,0.9454545454545454,0.7878787878787878,0.8595041272727272,1.0,0.7121212121212122,0.831858402221004
0.9642857142857144,0.7714285714285715,0.8571428522045856,0.9454545454545454,0.7428571428571429,0.8319999950720002,0.984126984126984,0.8857142857142857,0.9323308220815196,1.0,0.9142857142857144,0.9552238756070396
0.9622641509433962,0.796875,0.8717948668390678,0.9772727272727272,0.671875,0.7962962914677642,0.9821428571428572,0.859375,0.9166666616888888,1.0,0.734375,0.8468468419641263
0.9166666666666666,0.7586206896551724,0.8301886742897828,0.9787234042553192,0.7931034482758621,0.8761904712453515,0.9622641509433962,0.8793103448275862,0.9189189139290642,1.0,0.6379310344827587,0.7789473636653741
0.9743589743589745,0.8085106382978723,0.8837209252758248,0.9743589743589745,0.8085106382978723,0.8837209252758248,0.9487179487179488,0.7872340425531915,0.8604651113223364,1.0,0.9574468085106383,0.9782608645675804
0.979591836734694,0.8135593220338984,0.8888888839317559,1.0,0.6440677966101694,0.7835051498735253,1.0,0.8305084745762712,0.9074074024502744,1.0,0.7627118644067796,0.865384610475222
0.9444444444444444,0.6938775510204082,0.7999999951169551,0.9873417721518988,0.7959183673469388,0.8813559272610042,1.0,0.8979591836734694,0.9462365541542376,1.0,0.5510204081632653,0.7105263112084488
1.0,0.78125,0.8771929775315482,1.0,0.9375,0.967741930489074,1.0,0.875,0.9333333283555556,1.0,0.984375,0.9921259792522784
0.96,0.5106382978723404,0.6666666621334877,1.0,0.723404255319149,0.8395061679682977,1.0,0.7872340425531915,0.8809523760232427,1.0,0.9787234042553192,0.9892473068285352
1.0,0.7166666666666667,0.8349514514468848,1.0,0.7333333333333333,0.8461538412721893,0.9636363636363636,0.8833333333333333,0.9217391254442344,1.0,0.7833333333333333,0.8785046679710019
0.9375,0.703125,0.8035714236734695,0.9047619047619048,0.59375,0.716981127290851,0.9591836734693876,0.734375,0.83185840216775,1.0,0.59375,0.7450980345405613
0.9705882352941176,0.7857142857142857,0.8684210476869806,0.9692307692307692,0.75,0.8456375789739201,1.0,0.9761904761904762,0.9879518022296414,1.0,0.4642857142857143,0.6341463371326591
0.9318181818181818,0.6833333333333333,0.7884615335798817,0.896551724137931,0.4333333333333333,0.5842696585279638,0.9814814814814816,0.8833333333333333,0.9298245564173592,1.0,0.7833333333333333,0.8785046679710019
0.935483870967742,0.7341772151898734,0.8226950305336754,0.9642857142857144,0.6835443037974683,0.7999999951451303,0.9852941176470588,0.8481012658227848,0.9115646208783376,1.0,0.4683544303797468,0.6379310301382284
1.0,0.8414634146341463,0.9139072798052718,0.9558823529411764,0.7926829268292683,0.8666666617102224,0.9861111111111112,0.8658536585365854,0.9220779170990052,1.0,0.902439024390244,0.948717943731098
0.9591836734693876,0.7580645161290323,0.8468468419154289,1.0,0.6935483870967742,0.819047614211338,0.9642857142857144,0.8709677419354839,0.915254232301063,1.0,0.9838709677419356,0.9918699136995176
0.9827586206896552,0.8260869565217391,0.8976377903131006,0.9661016949152542,0.8260869565217391,0.8906249950305176,1.0,0.9420289855072465,0.9701492487357988,1.0,0.5942028985507246,0.7454545407785125
0.9387755102040816,0.6865671641791045,0.7931034433962546,0.9333333333333332,0.6268656716417911,0.749999995192921,0.9807692307692308,0.7611940298507462,0.8571428522223008,1.0,0.6119402985074627,0.7592592545490399
1.0,0.8888888888888888,0.9411764656055364,1.0,0.8333333333333334,0.9090909041322316,1.0,0.9305555555555556,0.964028771984887,1.0,0.7916666666666666,0.8837209253001623
1.0,0.8103448275862069,0.8952380902929705,0.9791666666666666,0.8103448275862069,0.8867924478746886,1.0,0.8793103448275862,0.9357798115343826,1.0,0.6206896551724138,0.7659574420823904
1.0,0.9183673469387756,0.9574468035196922,1.0,0.8367346938775511,0.9111111061506174,1.0,0.8571428571428571,0.9230769181065088,1.0,0.979591836734694,0.989690716650016
0.90625,0.6987951807228916,0.7891156413420335,0.9672131147540984,0.7108433734939759,0.8194444395611498,0.9420289855072465,0.7831325301204819,0.8552631529371537,1.0,0.7349397590361446,0.8472222173389276
0.94,0.8545454545454545,0.895238090249433,0.9375,0.8181818181818182,0.8737864027900839,0.9807692307692308,0.9272727272727272,0.9532710230413136,1.0,0.9818181818181818,0.9908256830738154
0.9591836734693876,0.7580645161290323,0.8468468419154289,1.0,0.8548387096774194,0.9217391254654064,1.0,0.8387096774193549,0.9122806967928594,1.0,0.4516129032258064,0.6222222179358025
0.9215686274509804,0.7580645161290323,0.8318584021270264,0.9787234042553192,0.7419354838709677,0.8440366923423954,0.9807692307692308,0.8225806451612904,0.8947368371437365,1.0,0.6290322580645161,0.7722772229820607
0.9574468085106383,0.703125,0.8108108059280902,0.9555555555555556,0.671875,0.7889908208399966,0.979591836734694,0.75,0.8495575172119978,1.0,0.859375,0.9243697429277594
0.9310344827586208,0.6923076923076923,0.794117642166955,0.925925925925926,0.6410256410256411,0.7575757527410469,0.935483870967742,0.7435897435897436,0.8285714236367347,1.0,0.9743589743589745,0.9870129820138304
0.8723404255319149,0.7454545454545455,0.8039215636582084,0.9565217391304348,0.8,0.8712871237525733,0.9166666666666666,0.8,0.8543689270619286,1.0,0.7090909090909091,0.8297872291874152
0.9032258064516128,0.7,0.7887323894465385,0.912280701754386,0.65,0.7591240827321647,0.9411764705882352,0.8,0.8648648598977356,1.0,0.7875,0.8811188761895448
0.8461538461538461,0.5789473684210527,0.6874999951757813,0.8627450980392157,0.5789473684210527,0.6929133810205221,0.9508196721311476,0.7631578947368421,0.8467153235270926,1.0,0.6973684210526315,0.821705421515534
1.0,0.8985507246376812,0.9465648805104598,0.979591836734694,0.6956521739130435,0.8135593171775353,0.9846153846153848,0.927536231884058,0.9552238756014704,1.0,0.5507246376811594,0.7102803692514631
0.9032258064516128,0.5714285714285714,0.6999999952531252,1.0,0.5714285714285714,0.7272727226446282,0.9696969696969696,0.6530612244897959,0.7804878000684117,1.0,0.6122448979591837,0.7594936661752925
0.974025974025974,0.8152173913043478,0.8875739595364308,0.9420289855072465,0.7065217391304348,0.8074534112511093,0.9594594594594594,0.7717391304347826,0.8554216818057774,1.0,0.5434782608695652,0.7042253475500893
0.8301886792452831,0.6027397260273972,0.6984126935386749,0.9285714285714286,0.7123287671232876,0.8062015454744307,0.8983050847457628,0.726027397260274,0.8030302980865474,1.0,0.6712328767123288,0.8032786837180866
0.951219512195122,0.7090909090909091,0.8124999951063369,1.0,0.7454545454545455,0.8541666617730035,0.975609756097561,0.7272727272727273,0.8333333284396702,1.0,0.8363636363636363,0.9108910841486128
0.9777777777777776,0.7787610619469026,0.8669950689558107,0.9387755102040816,0.8141592920353983,0.8720379097172122,0.9611650485436892,0.8761061946902655,0.9166666616773834,1.0,0.4601769911504424,0.6303030259864095
0.8235294117647058,0.6086956521739131,0.6999999951125,0.88,0.4782608695652174,0.6197183052965682,0.8108108108108109,0.6521739130434783,0.7228915613238498,1.0,0.5434782608695652,0.7042253475500893
1.0,0.8854961832061069,0.9392712500791688,1.0,0.8396946564885496,0.9128630655773834,0.9830508474576272,0.8854961832061069,0.9317269026441508,1.0,0.6412213740458015,0.7813953440761493
0.8214285714285714,0.6571428571428571,0.7301587252204584,0.84,0.6,0.699999995138889,0.8571428571428571,0.6857142857142857,0.7619047569664904,1.0,0.9714285714285714,0.9855072413778618
0.9076923076923076,0.7564102564102564,0.8251748202161476,0.9807692307692308,0.6538461538461539,0.7846153798153848,0.9852941176470588,0.8589743589743589,0.9178082142015388,1.0,0.5769230769230769,0.7317073124330755
0.963963963963964,0.8492063492063492,0.9029535815179192,0.9646017699115044,0.8650793650793651,0.9121338862281824,0.9821428571428572,0.873015873015873,0.9243697429164608,1.0,0.6428571428571429,0.782608690888469
0.92,0.5897435897435898,0.7187499952392579,0.96,0.6153846153846154,0.749999995239258,1.0,0.8717948717948718,0.9315068443385252,1.0,0.8461538461538461,0.9166666617013888
0.9574468085106383,0.7377049180327869,0.8333333284173526,0.9777777777777776,0.7213114754098361,0.8301886743592026,0.9361702127659576,0.7213114754098361,0.8148148098988341,1.0,0.4918032786885246,0.6593406549209033
0.9807692307692308,0.7611940298507462,0.8571428522223008,0.9772727272727272,0.6417910447761194,0.7747747699894488,0.9807692307692308,0.7611940298507462,0.8571428522223008,1.0,0.6567164179104478,0.7927927880074669
0.9310344827586208,0.7397260273972602,0.8244274759815863,0.9193548387096774,0.7808219178082192,0.8444444394776407,0.96875,0.8493150684931506,0.9051094840726732,1.0,0.410958904109589,0.5825242677160902
0.9302325581395348,0.7142857142857143,0.8080808031670239,0.9534883720930232,0.7321428571428571,0.8282828233690439,0.9565217391304348,0.7857142857142857,0.8627450930872741,1.0,0.4821428571428571,0.6506024052489476
0.9272727272727272,0.7183098591549296,0.8095238046044345,1.0,0.5774647887323944,0.7321428525015944,0.9830508474576272,0.8169014084507042,0.892307687350296,1.0,0.5774647887323944,0.7321428525015944
0.9682539682539684,0.782051282051282,0.8652482220069414,0.9836065573770492,0.7692307692307693,0.8633093475927747,1.0,0.7692307692307693,0.8695652124763706,1.0,0.3717948717948718,0.5420560708149184
0.9583333333333334,0.7540983606557377,0.8440366923188284,1.0,0.7868852459016393,0.8807339400252504,0.981132075471698,0.8524590163934426,0.912280696779009,1.0,0.7049180327868853,0.8269230720728551
0.9809523809523808,0.824,0.8956521689508508,0.9791666666666666,0.752,0.8506787281177699,0.9821428571428572,0.88,0.9282700372091368,1.0,0.56,0.7179487133464827
0.9111111111111112,0.803921568627451,0.8541666616861979,1.0,0.8431372549019608,0.914893612057492,0.9761904761904762,0.803921568627451,0.8817204251543532,1.0,0.6470588235294118,0.7857142809438777
0.9625,0.7475728155339806,0.84153004972379,0.971830985915493,0.6699029126213593,0.793103443444973,0.9759036144578314,0.7864077669902912,0.870967736993294,0.9864864864864864,0.7087378640776699,0.8248587521963676
0.97,0.8660714285714286,0.9150943346386616,1.0,0.7857142857142857,0.8799999950720001,0.9680851063829788,0.8125,0.8834951406692432,1.0,0.6696428571428571,0.8021390326288999
0.8484848484848485,0.5957446808510638,0.699999995153125,0.875,0.7446808510638298,0.8045976961817941,0.9047619047619048,0.8085106382978723,0.8539325792854439,1.0,0.9787234042553192,0.9892473068285352
0.9622641509433962,0.8095238095238095,0.8793103398647444,0.9642857142857144,0.8571428571428571,0.9075630202273852,1.0,0.9047619047619048,0.9499999950125,1.0,0.8888888888888888,0.9411764656055364
0.9736842105263158,0.6851851851851852,0.8043478212381854,1.0,0.7222222222222222,0.8387096725494276,0.979591836734694,0.8888888888888888,0.9320388299632388,1.0,0.5925925925925926,0.7441860418388319
0.9534883720930232,0.8367346938775511,0.8913043428473535,0.9761904761904762,0.8367346938775511,0.901098896128487,0.9743589743589745,0.7755102040816326,0.8636363587009297,1.0,0.979591836734694,0.989690716650016
0.90625,0.6590909090909091,0.7631578898614959,0.90625,0.6590909090909091,0.7631578898614959,0.975609756097561,0.9090909090909092,0.9411764655944636,1.0,0.6363636363636364,0.7777777730246914
0.976470588235294,0.8924731182795699,0.9325842646730212,1.0,0.9247311827956988,0.9608938497562498,0.986842105263158,0.8064516129032258,0.887573959547635,1.0,0.7634408602150538,0.8658536536265616
0.903846153846154,0.7014925373134329,0.7899159614659983,0.9591836734693876,0.7014925373134329,0.8103448227065994,0.9622641509433962,0.7611940298507462,0.8499999950680556,1.0,0.8656716417910447,0.92799999502592
0.9827586206896552,0.8028169014084507,0.8837209252833365,0.9827586206896552,0.8028169014084507,0.8837209252833365,0.9836065573770492,0.8450704225352113,0.9090909041196052,1.0,0.943661971830986,0.971014487757824
0.8524590163934426,0.7222222222222222,0.7819548822522472,0.8771929824561403,0.6944444444444444,0.7751937935172166,0.9384615384615383,0.8472222222222222,0.890510943918163,1.0,0.375,0.5454545414876033
0.92,0.6764705882352942,0.7796610120654985,0.9347826086956522,0.6323529411764706,0.7543859600984918,0.9629629629629628,0.7647058823529411,0.8524590114592852,1.0,0.5588235294117647,0.7169811274759702
1.0,0.8809523809523809,0.9367088557795226,0.9710144927536232,0.7976190476190477,0.8758169885121108,0.9850746268656716,0.7857142857142857,0.8741721804938379,1.0,0.4761904761904761,0.6451612859521332
1.0,0.7631578947368421,0.8656716368812655,1.0,0.7894736842105263,0.8823529362456748,1.0,0.868421052631579,0.9295774598135292,1.0,0.9736842105263158,0.9866666616675556
0.9482758620689656,0.7971014492753623,0.8661417273209747,1.0,0.7681159420289855,0.8688524541023919,0.9830508474576272,0.8405797101449275,0.9062499950305176,1.0,0.7246376811594203,0.8403361295812443
0.9672131147540984,0.7972972972972973,0.874074069120439,0.9836065573770492,0.8108108108108109,0.8888888839352539,0.9682539682539684,0.8243243243243243,0.8905109439373436,1.0,0.7567567567567568,0.8615384566343196
0.8472222222222222,0.7011494252873564,0.7672955925287767,0.9722222222222222,0.8045977011494253,0.880503139698588,0.9154929577464788,0.7471264367816092,0.8227848051778562,1.0,0.5172413793103449,0.6818181773243803
0.9733333333333334,0.8111111111111111,0.8848484798898073,0.9866666666666668,0.8222222222222222,0.8969696920110194,1.0,0.9555555555555556,0.97727272227531,1.0,0.6888888888888889,0.8157894688538782
0.9253731343283582,0.7948717948717948,0.8551724088218788,0.9818181818181818,0.6923076923076923,0.812030070337498,0.958904109589041,0.8974358974358975,0.927152312886277,1.0,0.7948717948717948,0.8857142807795919
0.9655172413793104,0.7466666666666667,0.842105258239584,1.0,0.7866666666666666,0.8805970099966586,1.0,0.84,0.9130434732986769,1.0,0.8933333333333333,0.943661966846856
0.918918918918919,0.5230769230769231,0.6666666620434449,0.9714285714285714,0.5230769230769231,0.6799999954500001,0.9454545454545454,0.8,0.8666666617013888,1.0,0.9846153846153848,0.9922480570158044
0.9759036144578314,0.8181818181818182,0.890109885148533,0.9615384615384616,0.7575757575757576,0.8474576221890263,1.0,0.9191919191919192,0.9578947318509696,1.0,0.6262626262626263,0.7701863306677984
0.9791666666666666,0.7833333333333333,0.8703703654320989,0.9791666666666666,0.7833333333333333,0.8703703654320989,0.9814814814814816,0.8833333333333333,0.9298245564173592,1.0,0.8166666666666667,0.8990825638582611
1.0,0.8734177215189873,0.9324324274552592,1.0,0.8607594936708861,0.9251700630552084,1.0,0.9367088607594936,0.9673202564432484,1.0,0.9873417721518988,0.9936305682486106
1.0,0.6666666666666666,0.7999999952000001,1.0,0.7901234567901234,0.8827586157583829,1.0,0.7530864197530864,0.8591549246766516,1.0,0.5185185185185185,0.6829268247709697
0.9642857142857144,0.8571428571428571,0.9075630202273852,1.0,0.8571428571428571,0.9230769181065088,0.9830508474576272,0.9206349206349206,0.9508196671365226,1.0,0.6190476190476191,0.7647058776297578
0.8947368421052632,0.6666666666666666,0.7640449389269032,0.9767441860465116,0.8235294117647058,0.8936170163128112,0.9777777777777776,0.8627450980392157,0.916666661686198,1.0,0.7254901960784313,0.8409090860356405
0.9318181818181818,0.7454545454545455,0.8282828233445567,0.945945945945946,0.6363636363636364,0.7608695604087903,0.979591836734694,0.8727272727272727,0.9230769180935652,1.0,0.6181818181818182,0.7640449390985987
0.9411764705882352,0.8888888888888888,0.914285709289796,1.0,0.7777777777777778,0.8749999950781251,1.0,0.8333333333333334,0.9090909041322316,1.0,0.9722222222222222,0.9859154879587384
1.0,0.7868852459016393,0.8807339400252504,0.9591836734693876,0.7704918032786885,0.8545454496049587,1.0,0.8852459016393442,0.9391304298011344,1.0,0.8524590163934426,0.9203539773326024
0.9642857142857144,0.7714285714285715,0.8571428522045856,0.925925925925926,0.7142857142857143,0.8064516079864725,1.0,0.7714285714285715,0.8709677370187306,1.0,0.4714285714285714,0.6407766946743331
0.8974358974358975,0.6422018348623854,0.7486630967416856,0.96,0.6605504587155964,0.782608690822897,0.9342105263157896,0.6513761467889908,0.7675675627266618,1.0,0.5412844036697247,0.7023809478238379
0.987012987012987,0.8735632183908046,0.926829263311273,0.9714285714285714,0.7816091954022989,0.8662420332751837,1.0,0.9195402298850576,0.9580838273441142,1.0,0.4367816091954023,0.60799999576832
0.9361702127659576,0.7096774193548387,0.8073394446359734,1.0,0.8548387096774194,0.9217391254654064,0.9814814814814816,0.8548387096774194,0.9137930984720573,1.0,0.6451612903225806,0.784313720722799
0.902439024390244,0.6166666666666667,0.7326732625036763,0.9302325581395348,0.6666666666666666,0.7766990242624188,0.9591836734693876,0.7833333333333333,0.8623853161518392,1.0,0.9833333333333332,0.9915966336558152
0.9736842105263158,0.8222222222222222,0.891566260095805,0.967741935483871,0.6666666666666666,0.789473679380194,0.972972972972973,0.8,0.8780487755353956,1.0,0.9777777777777776,0.9887640399444514
0.9850746268656716,0.8461538461538461,0.9103448226149822,0.9344262295081968,0.7307692307692307,0.8201438799668754,0.9857142857142858,0.8846153846153846,0.9324324274470416,1.0,0.4358974358974359,0.6071428529145408
1.0,0.8,0.8888888839506174,1.0,0.72,0.8372092974580855,1.0,0.76,0.8636363587293389,1.0,0.7333333333333333,0.8461538412721893
0.9090909090909092,0.6666666666666666,0.7692307643491124,0.95,0.5066666666666667,0.6608695606805294,0.9852941176470588,0.8933333333333333,0.9370629320749182,1.0,0.9866666666666668,0.993288585604252
0.8958333333333334,0.6825396825396826,0.7747747698660824,0.9782608695652174,0.7142857142857143,0.8256880685161183,0.9814814814814816,0.8412698412698413,0.905982901012492,0.9736842105263158,0.5873015873015873,0.7326732626330752
0.9230769230769232,0.7228915662650602,0.8108108058847701,0.8771929824561403,0.6024096385542169,0.7142857094581633,0.987012987012987,0.9156626506024096,0.9499999950070314,1.0,0.927710843373494,0.9624999950070312
0.9672131147540984,0.8194444444444444,0.887218040146984,0.9206349206349206,0.8055555555555556,0.8592592542814814,0.9545454545454546,0.875,0.9130434732703214,1.0,0.7777777777777778,0.8749999950781251
0.926829268292683,0.6909090909090909,0.7916666617730036,0.975,0.7090909090909091,0.8210526267036012,1.0,0.7818181818181819,0.8775510154831322,1.0,0.6909090909090909,0.8172042962423403
0.9622641509433962,0.8225806451612904,0.8869565167697543,1.0,0.7419354838709677,0.8518518469615913,0.9672131147540984,0.9516129032258064,0.9593495884962656,1.0,0.8225806451612904,0.9026548623040176
0.9565217391304348,0.7213114754098361,0.8224299016403179,1.0,0.6557377049180327,0.7920792031369475,1.0,0.8032786885245902,0.8909090859685951,1.0,0.4918032786885246,0.6593406549209033
1.0,0.7962962962962963,0.8865979332086301,1.0,0.8333333333333334,0.9090909041322316,0.9782608695652174,0.8333333333333334,0.8999999950320001,1.0,0.7777777777777778,0.8749999950781251
0.9655172413793104,0.8,0.8749999950439455,1.0,0.6571428571428571,0.7931034434898931,1.0,0.8857142857142857,0.9393939344123048,1.0,0.7714285714285715,0.8709677370187306
0.9318181818181818,0.6507936507936508,0.7663551353445717,1.0,0.6666666666666666,0.7999999952000001,0.9787234042553192,0.7301587301587301,0.8363636314694215,1.0,0.6984126984126984,0.8224299016997118
0.9230769230769232,0.7346938775510204,0.8181818132463844,0.9714285714285714,0.6938775510204082,0.8095238046626985,0.9772727272727272,0.8775510204081632,0.9247311778101516,1.0,0.979591836734694,0.989690716650016
0.967741935483871,0.75,0.8450704176155526,0.9642857142857144,0.675,0.794117642214533,1.0,0.925,0.961038956046551,1.0,0.975,0.9873417671526998
0.8837209302325582,0.7037037037037037,0.7835051497034754,0.9230769230769232,0.6666666666666666,0.7741935435171696,0.9387755102040816,0.8518518518518519,0.8932038785069283,1.0,0.8888888888888888,0.9411764656055364
0.9166666666666666,0.6470588235294118,0.7586206848038051,0.9302325581395348,0.5882352941176471,0.7207207159743528,0.9583333333333334,0.6764705882352942,0.7931034434244948,1.0,0.8088235294117647,0.894308938145284
0.9583333333333334,0.7301587301587301,0.8288288239201365,0.8979591836734694,0.6984126984126984,0.7857142807924108,1.0,0.9047619047619048,0.9499999950125,1.0,0.5079365079365079,0.6736842060587258
0.8913043478260869,0.6029411764705882,0.7192982408002462,0.9148936170212766,0.6323529411764706,0.7478260821232514,0.9821428571428572,0.8088235294117647,0.8870967692403747,1.0,0.8088235294117647,0.894308938145284
0.9318181818181818,0.640625,0.7592592544307272,0.9555555555555556,0.671875,0.7889908208399966,0.9803921568627452,0.78125,0.8695652124551985,0.96875,0.96875,0.968749995
0.9866666666666668,0.7789473684210526,0.8705882303633219,0.9615384615384616,0.7894736842105263,0.8670520181696683,0.9767441860465116,0.8842105263157894,0.9281767905924728,1.0,0.8315789473684211,0.908045972053772
0.9473684210526316,0.6428571428571429,0.7659574419918516,0.9736842105263158,0.6607142857142857,0.7872340377365324,1.0,0.8928571428571429,0.9433962214311143,1.0,0.9821428571428572,0.9909909859913968
0.8444444444444444,0.6440677966101694,0.7307692258598373,0.9574468085106383,0.7627118644067796,0.8490565988376647,1.0,0.9152542372881356,0.95575220739917,1.0,0.6101694915254238,0.7578947321351801
0.9491525423728814,0.7088607594936709,0.8115941980035708,0.9827586206896552,0.7215189873417721,0.8321167834386489,1.0,0.8481012658227848,0.9178082142118597,1.0,0.5949367088607594,0.7460317413542453
0.9878048780487804,0.8181818181818182,0.8950276193534996,1.0,0.7474747474747475,0.8554913245841828,1.0,0.8787878787878788,0.9354838659885536,1.0,0.696969696969697,0.8214285665880103
0.9285714285714286,0.6582278481012658,0.7703703655155008,0.8888888888888888,0.5063291139240507,0.6451612856984912,0.9295774647887324,0.8354430379746836,0.8799999950142222,1.0,0.5443037974683544,0.7049180282222521
0.9607843137254902,0.8448275862068966,0.8990825638279607,0.96,0.8275862068965517,0.8888888839163238,0.9615384615384616,0.8620689655172413,0.9090909041057852,1.0,0.5,0.6666666622222223
0.9523809523809524,0.7407407407407407,0.8333333284114584,0.9701492537313432,0.8024691358024691,0.8783783734231192,1.0,0.9382716049382716,0.9681528612471094,1.0,0.8641975308641975,0.9271523129073288
0.9555555555555556,0.6323529411764706,0.7610619421097972,0.9428571428571428,0.4852941176470588,0.6407766945423697,0.9661016949152542,0.8382352941176471,0.8976377903007007,1.0,0.9705882352941176,0.9850746218667856
0.981132075471698,0.8125,0.888888883933085,0.9545454545454546,0.65625,0.7777777729492457,1.0,0.84375,0.9152542323240448,1.0,0.984375,0.9921259792522784
0.9852941176470588,0.67,0.7976190428004537,0.9571428571428572,0.67,0.7882352892733565,0.9787234042553192,0.92,0.9484536032522054,1.0,0.61,0.757763970448671
1.0,0.819672131147541,0.900900895950004,1.0,0.7049180327868853,0.8269230720728551,1.0,0.8688524590163934,0.9298245564281318,1.0,0.9672131147540984,0.9833333283347224
0.9622641509433962,0.68,0.7968749951477051,0.9333333333333332,0.7466666666666667,0.829629624691358,0.9701492537313432,0.8666666666666667,0.9154929527623488,1.0,0.7466666666666667,0.8549618271662491
0.945945945945946,0.7,0.804597696261065,0.9473684210526316,0.72,0.8181818132747933,1.0,0.92,0.958333328342014,1.0,0.88,0.9361702077863288
0.9347826086956522,0.6935483870967742,0.7962962914060359,0.9148936170212766,0.6935483870967742,0.7889908207827624,0.9047619047619048,0.6129032258064516,0.7307692259541421,1.0,0.9838709677419356,0.9918699136995176
0.9444444444444444,0.7846153846153846,0.8571428521855801,0.9642857142857144,0.8307692307692308,0.8925619784987365,0.9830508474576272,0.8923076923076924,0.9354838659794488,1.0,0.7230769230769231,0.8392857094148597
1.0,0.7727272727272727,0.8717948668770547,0.972972972972973,0.8181818181818182,0.888888883926231,0.9761904761904762,0.9318181818181818,0.9534883670957276,1.0,0.9772727272727272,0.9885057421270974
0.9767441860465116,0.875,0.923076918092018,1.0,0.9166666666666666,0.9565217341398866,1.0,0.9583333333333334,0.9787233992575828,1.0,0.9791666666666666,0.9894736792110804
0.9714285714285714,0.6666666666666666,0.7906976695916712,0.9705882352941176,0.6470588235294118,0.7764705834352943,0.9777777777777776,0.8627450980392157,0.916666661686198,1.0,0.9803921568627452,0.9900990049014802
0.981132075471698,0.8253968253968254,0.8965517191750891,1.0,0.6349206349206349,0.7766990243755303,1.0,0.8095238095238095,0.8947368371606649,1.0,0.5238095238095238,0.6874999954882813
0.9655172413793104,0.8484848484848485,0.9032258014724246,0.9066666666666666,0.6868686868686869,0.7816091904974237,0.9662921348314608,0.8686868686868687,0.9148936120354234,1.0,0.4848484848484848,0.6530612200916286
0.9830508474576272,0.7837837837837838,0.8721804461914184,0.9230769230769232,0.6486486486486487,0.7619047570571933,1.0,0.8378378378378378,0.9117647009212804,1.0,0.6081081081081081,0.7563025163053457
0.94,0.6438356164383562,0.7642276374512528,0.9833333333333332,0.8082191780821918,0.8872180401605518,0.9846153846153848,0.8767123287671232,0.9275362269008612,1.0,0.9726027397260274,0.9861111061120758
0.9655172413793104,0.8484848484848485,0.9032258014724246,1.0,0.7424242424242424,0.8521739081527411,0.9846153846153848,0.9696969696969696,0.9770992316415128,1.0,0.6363636363636364,0.7777777730246914
0.9375,0.703125,0.8035714236734695,0.945945945945946,0.546875,0.6930693022880109,0.98,0.765625,0.8596491178824254,1.0,0.984375,0.9921259792522784
0.9387755102040816,0.6388888888888888,0.7603305736930537,0.979591836734694,0.6666666666666666,0.7933884249327231,0.9411764705882352,0.6666666666666666,0.7804878000237954,1.0,0.7361111111111112,0.84799999511552
0.9824561403508772,0.7777777777777778,0.86821704933117,0.9814814814814816,0.7361111111111112,0.8412698363718824,1.0,0.8194444444444444,0.9007633538278657,1.0,0.8333333333333334,0.9090909041322316
0.9382716049382716,0.8172043010752689,0.873563213414586,0.96,0.7741935483870968,0.8571428522002551,0.9529411764705882,0.8709677419354839,0.9101123545606616,1.0,0.6559139784946236,0.7922077874236803
0.9629629629629628,0.6842105263157895,0.7999999951431953,0.948051948051948,0.6403508771929824,0.7643979009467943,0.981132075471698,0.912280701754386,0.9454545404611572,1.0,0.4649122807017544,0.6347305345892646
0.9464285714285714,0.803030303030303,0.8688524540499866,1.0,0.6212121212121212,0.7663551354598656,0.9454545454545454,0.7878787878787878,0.8595041272727272,1.0,0.9848484848484848,0.992366407214032
1.0,0.797752808988764,0.8874999950632813,0.9696969696969696,0.7191011235955056,0.8258064467229969,1.0,0.8426966292134831,0.9146341413779,1.0,0.8202247191011236,0.9012345629500076
0.975609756097561,0.8163265306122449,0.8888888839283952,0.975,0.7959183673469388,0.8764044894331524,1.0,0.9183673469387756,0.9574468035196922,1.0,0.8367346938775511,0.9111111061506174
1.0,0.8285714285714286,0.9062499950439452,1.0,0.6142857142857143,0.761061942188112,1.0,0.8,0.8888888839506174,1.0,0.9857142857142858,0.9928057503959424
0.9791666666666666,0.6811594202898551,0.8034187985798817,0.9767441860465116,0.6086956521739131,0.7499999952694516,1.0,0.8405797101449275,0.9133858218091636,1.0,0.8260869565217391,0.9047618998072562
0.9318181818181818,0.6721311475409836,0.7809523760834467,0.9777777777777776,0.7213114754098361,0.8301886743592026,1.0,0.9508196721311476,0.9747899109695644,1.0,0.9836065573770492,0.9917355321904242
0.925925925925926,0.6410256410256411,0.7575757527410469,0.967741935483871,0.7692307692307693,0.8571428522081633,0.9672131147540984,0.7564102564102564,0.8489208583841416,1.0,0.8589743589743589,0.924137926063258
1.0,0.8095238095238095,0.8947368371606649,0.9838709677419356,0.7261904761904762,0.835616433469694,1.0,0.8214285714285714,0.901960779361784,1.0,0.6428571428571429,0.782608690888469
0.9347826086956522,0.7678571428571429,0.8431372499500194,0.9714285714285714,0.6071428571428571,0.7472527425190195,0.96,0.8571428571428571,0.9056603723745104,1.0,0.9821428571428572,0.9909909859913968
0.8297872340425532,0.6,0.6964285665577169,0.8444444444444444,0.5846153846153846,0.6909090860743803,0.9322033898305084,0.8461538461538461,0.887096769205255,1.0,0.8153846153846154,0.8983050797974721
0.94,0.6266666666666667,0.7519999952,0.8392857142857143,0.6266666666666667,0.7175572470135774,0.9636363636363636,0.7066666666666667,0.8153846105029586,1.0,0.7066666666666667,0.8281249951477052
0.9193548387096774,0.7808219178082192,0.8444444394776407,0.9777777777777776,0.6027397260273972,0.7457627071459351,0.9508196721311476,0.7945205479452054,0.8656716368311429,1.0,0.4931506849315068,0.6605504542917263
0.9069767441860463,0.6610169491525424,0.7647058774759709,0.8888888888888888,0.6779661016949152,0.7692307643213758,0.9761904761904762,0.6949152542372882,0.8118811832604647,1.0,0.9830508474576272,0.9914529864533568
0.9523809523809524,0.7407407407407407,0.8333333284114584,0.9696969696969696,0.5925925925925926,0.7356321791993659,0.9583333333333334,0.8518518518518519,0.9019607793310268,1.0,0.9814814814814816,0.9906542006079134
1.0,0.8548387096774194,0.9217391254654064,0.9807692307692308,0.8225806451612904,0.8947368371437365,1.0,0.8709677419354839,0.931034477782402,1.0,0.6290322580645161,0.7722772229820607
0.9743589743589745,0.7037037037037037,0.8172042962053417,0.9722222222222222,0.6481481481481481,0.7777777729777778,1.0,0.8518518518518519,0.919999995032,1.0,0.7592592592592593,0.863157889830471
0.9215686274509804,0.618421052631579,0.740157475508711,0.8863636363636364,0.5131578947368421,0.6499999953555556,0.9482758620689656,0.7236842105263158,0.8208955174782804,1.0,0.8157894736842105,0.8985507196891409
1.0,0.8095238095238095,0.8947368371606649,0.9622641509433962,0.8095238095238095,0.8793103398647444,1.0,0.7777777777777778,0.8749999950781251,1.0,0.984126984126984,0.99199999500032
0.84375,0.627906976744186,0.7199999951075556,0.9310344827586208,0.627906976744186,0.7499999951890431,0.9117647058823528,0.7209302325581395,0.8051948002631135,1.0,0.9767441860465116,0.9882352891183392
0.9302325581395348,0.6349206349206349,0.7547169763100748,0.951219512195122,0.6190476190476191,0.7499999952237427,0.9807692307692308,0.8095238095238095,0.8869565167848772,1.0,0.7619047619047619,0.8648648599561725
0.9365079365079364,0.8194444444444444,0.8740740690962963,0.9516129032258064,0.8194444444444444,0.8805970099532191,0.9833333333333332,0.8194444444444444,0.8939393889807163,1.0,0.5138888888888888,0.6788990780843364
1.0,0.8645833333333334,0.9273742967023502,0.9857142857142858,0.71875,0.8313252963274786,1.0,0.875,0.9333333283555556,1.0,0.5208333333333334,0.6849315023456559
0.9615384615384616,0.819672131147541,0.8849557472441069,1.0,0.8360655737704918,0.9107142807541456,1.0,0.8852459016393442,0.9391304298011344,1.0,0.7540983606557377,0.8598130792104114
1.0,0.808695652173913,0.8942307642867049,0.96875,0.5391304347826087,0.692737425573484,1.0,0.8,0.8888888839506174,1.0,0.808695652173913,0.8942307642867049
0.9333333333333332,0.7466666666666667,0.829629624691358,0.9183673469387756,0.6,0.7258064468327263,0.9682539682539684,0.8133333333333334,0.8840579660522999,1.0,0.7066666666666667,0.8281249951477052
0.8780487804878049,0.7346938775510204,0.7999999950395063,0.925,0.7551020408163265,0.8314606692084333,0.9090909090909092,0.8163265306122449,0.8602150487778933,1.0,0.9591836734693876,0.9791666616688368
1.0,0.7037037037037037,0.826086951672968,0.9722222222222222,0.6481481481481481,0.7777777729777778,1.0,0.6851851851851852,0.8131868083613092,1.0,0.9814814814814816,0.9906542006079134
1.0,0.7333333333333333,0.8461538412721893,1.0,0.7666666666666667,0.8679245233891066,1.0,0.8333333333333334,0.9090909041322316,1.0,0.6166666666666667,0.7628865932192582
0.9583333333333334,0.8214285714285714,0.8846153796449705,0.9696969696969696,0.7619047619047619,0.8533333284053334,0.9444444444444444,0.8095238095238095,0.8717948668244576,1.0,0.5833333333333334,0.7368421006094183
0.950413223140496,0.777027027027027,0.8550185824109674,0.9827586206896552,0.7702702702702703,0.8636363587098256,0.96875,0.8378378378378378,0.8985507196639362,1.0,0.4662162162162162,0.6359446961235109
0.9361702127659576,0.676923076923077,0.7857142808434312,0.96,0.7384615384615385,0.8347826037807184,0.9454545454545454,0.8,0.8666666617013888,1.0,0.6461538461538462,0.7850467242029873
0.96,0.8,0.8727272677685951,0.9571428571428572,0.7444444444444445,0.837499995078125,0.9746835443037974,0.8555555555555555,0.9112425985714786,1.0,0.4888888888888889,0.6567164134996659
0.9387755102040816,0.8846153846153846,0.9108910841133222,1.0,0.7692307692307693,0.8695652124763706,0.979591836734694,0.9230769230769232,0.950495044509362,1.0,0.9807692307692308,0.9902912571363937
0.9333333333333332,0.8076923076923077,0.8659793764693379,0.9722222222222222,0.6730769230769231,0.7954545406198348,1.0,0.6153846153846154,0.7619047571882087,1.0,0.9807692307692308,0.9902912571363937
0.9791666666666666,0.7121212121212122,0.8245613986334257,0.9791666666666666,0.7121212121212122,0.8245613986334257,1.0,0.7272727272727273,0.8421052582825486,1.0,0.696969696969697,0.8214285665880103
0.9772727272727272,0.7818181818181819,0.868686863748597,0.95,0.6909090909090909,0.7999999951246538,0.9574468085106383,0.8181818181818182,0.8823529362072281,1.0,0.9818181818181818,0.9908256830738154
0.95,0.76,0.8444444395061729,0.9523809523809524,0.8,0.8695652124291116,0.9523809523809524,0.8,0.8695652124291116,1.0,0.98,0.9898989848995
0.9833333333333332,0.8309859154929577,0.9007633538138804,0.9803921568627452,0.704225352112676,0.8196721262819134,0.9848484848484848,0.9154929577464788,0.9489051044957112,1.0,0.9859154929577464,0.9929077964186912
0.9454545454545454,0.7428571428571429,0.8319999950720002,0.9423076923076924,0.7,0.8032786836334319,0.9642857142857144,0.7714285714285715,0.8571428522045856,1.0,0.7857142857142857,0.8799999950720001
0.9387755102040816,0.6571428571428571,0.7731092388531884,0.9333333333333332,0.6,0.7304347778449906,0.9666666666666668,0.8285714285714286,0.8923076873372782,1.0,0.9857142857142858,0.9928057503959424
1.0,0.912280701754386,0.9541284353774936,0.98,0.8596491228070176,0.9158878454886892,0.9807692307692308,0.8947368421052632,0.9357798115242824,1.0,0.9824561403508772,0.9911504374782676
0.8723404255319149,0.6307692307692307,0.7321428522720026,1.0,0.676923076923077,0.8073394447268749,0.9830508474576272,0.8923076923076924,0.9354838659794488,1.0,0.9076923076923076,0.9516128982375132
1.0,0.7792207792207793,0.8759124038361128,0.9473684210526316,0.7012987012987013,0.8059701443651148,0.984126984126984,0.8051948051948052,0.8857142807642858,1.0,0.5584415584415584,0.7166666620680555
0.9,0.5869565217391305,0.7105263110110804,1.0,0.6739130434782609,0.8051948003845506,1.0,0.8043478260869565,0.8915662601190304,1.0,0.8260869565217391,0.9047618998072562
0.9876543209876544,0.8333333333333334,0.9039547972957964,0.9863013698630136,0.75,0.8520710010097686,1.0,0.84375,0.9152542323240448,1.0,0.59375,0.7450980345405613
0.9767441860465116,0.7777777777777778,0.8659793765075993,0.9767441860465116,0.7777777777777778,0.8659793765075993,1.0,0.8518518518518519,0.919999995032,1.0,0.9814814814814816,0.9906542006079134
0.9574468085106383,0.6617647058823529,0.7826086908189036,0.9482758620689656,0.8088235294117647,0.8730158680473671,0.9649122807017544,0.8088235294117647,0.8799999950387201,1.0,0.9264705882352942,0.9618320560759864
0.8372093023255814,0.7346938775510204,0.7826086906734405,0.902439024390244,0.7551020408163265,0.8222222172617284,0.8444444444444444,0.7755102040816326,0.8085106333069262,1.0,0.5306122448979592,0.6933333288035556
0.9814814814814816,0.7066666666666667,0.8217054214890932,0.9636363636363636,0.7066666666666667,0.8153846105029586,0.9838709677419356,0.8133333333333334,0.8905109439501306,1.0,0.9866666666666668,0.993288585604252
0.972972972972973,0.8780487804878049,0.9230769180900724,1.0,0.7195121951219512,0.8368794277571551,0.9873417721518988,0.951219512195122,0.9689440943806182,1.0,0.9878048780487804,0.9938650256750348
0.9910714285714286,0.8409090909090909,0.9098360606073636,0.98,0.7424242424242424,0.8448275813020214,1.0,0.8257575757575758,0.904564310398237,1.0,0.6060606060606061,0.7547169764328944
0.8611111111111112,0.6458333333333334,0.7380952331972789,0.9743589743589745,0.7916666666666666,0.8735632134443123,0.975,0.8125,0.8863636314049587,1.0,0.9791666666666666,0.9894736792110804
0.9642857142857144,0.7714285714285715,0.8571428522045856,0.9574468085106383,0.6428571428571429,0.7692307644239902,1.0,0.7571428571428571,0.8617886129816908,1.0,0.7714285714285715,0.8709677370187306
0.8928571428571429,0.7575757575757576,0.8196721261811342,0.9245283018867924,0.7424242424242424,0.8235294068243769,0.9491525423728814,0.8484848484848485,0.8959999950156801,1.0,0.803030303030303,0.8907562975806793
0.9574468085106383,0.8035714285714286,0.8737864028051656,0.9772727272727272,0.7678571428571429,0.8599999950720001,0.94,0.8392857142857143,0.8867924478462086,1.0,0.9821428571428572,0.9909909859913968
0.9649122807017544,0.7432432432432432,0.8396946515727521,0.9636363636363636,0.7162162162162162,0.8217054214650562,0.9655172413793104,0.7567567567567568,0.8484848435583106,1.0,0.8243243243243243,0.9037036987500686
0.935483870967742,0.8169014084507042,0.8721804461507152,0.9821428571428572,0.7746478873239436,0.8661417273532147,0.9836065573770492,0.8450704225352113,0.9090909041196052,1.0,0.7323943661971831,0.8455284504038603
0.9583333333333334,0.7931034482758621,0.8679245233463866,0.9787234042553192,0.7931034482758621,0.8761904712453515,1.0,0.896551724137931,0.9454545404694216,1.0,0.9827586206896552,0.991304342826465
0.9491525423728814,0.8,0.8682170492999219,0.9642857142857144,0.7714285714285715,0.8571428522045856,1.0,0.8285714285714286,0.9062499950439452,1.0,0.9857142857142858,0.9928057503959424
0.98,0.6621621621621622,0.7903225758324662,0.96,0.6486486486486487,0.7741935435744017,0.9833333333333332,0.7972972972972973,0.880597009979951,1.0,0.7837837837837838,0.8787878738613407
0.9692307692307692,0.7974683544303798,0.8749999950472609,0.967741935483871,0.759493670886076,0.8510638248599166,0.9864864864864864,0.9240506329113924,0.9542483610184118,1.0,0.3924050632911392,0.5636363595884298
0.987012987012987,0.9047619047619048,0.9440993738914396,0.9850746268656716,0.7857142857142857,0.8741721804938379,1.0,0.9047619047619048,0.9499999950125,1.0,0.5,0.6666666622222223
0.9821428571428572,0.6111111111111112,0.7534246528054044,0.953846153846154,0.6888888888888889,0.799999995130073,0.948051948051948,0.8111111111111111,0.8742514920362868,1.0,0.7444444444444445,0.8535031798206825
0.9565217391304348,0.7457627118644068,0.8380952331718822,0.86,0.7288135593220338,0.7889908207221614,0.96,0.8135593220338984,0.8807339399882166,1.0,0.7457627118644068,0.8543689271448771
0.984126984126984,0.7469879518072289,0.849315063586977,0.9666666666666668,0.6987951807228916,0.8111888063181575,0.9863013698630136,0.8674698795180723,0.9230769180974688,1.0,0.891566265060241,0.9426751542520996
0.9666666666666668,0.7945205479452054,0.8721804461755894,0.9344262295081968,0.7808219178082192,0.8507462636968146,0.9508196721311476,0.7945205479452054,0.8656716368311429,1.0,0.5342465753424658,0.6964285668893496
0.9791666666666666,0.7014925373134329,0.8173912994843101,0.98,0.7313432835820896,0.8376068327123968,0.9387755102040816,0.6865671641791045,0.7931034433962546,1.0,0.9850746268656716,0.9924811980078015
0.9193548387096774,0.6951219512195121,0.7916666617631174,0.8852459016393442,0.6585365853658537,0.7552447503525845,0.961038961038961,0.902439024390244,0.9308176050678376,1.0,0.6463414634146342,0.7851851804159122
0.9873417721518988,0.9069767441860463,0.9454545404635446,1.0,0.8023255813953488,0.8903225757053069,0.9878048780487804,0.9418604651162792,0.9642857092885488,1.0,0.7209302325581395,0.8378378329693207
0.9482758620689656,0.8148148148148148,0.8764940189330329,0.9655172413793104,0.8296296296296296,0.8924302739131126,0.9834710743801652,0.8814814814814815,0.9296874950149536,1.0,0.4,0.5714285673469389
1.0,0.8775510204081632,0.9347826037169188,1.0,0.6938775510204082,0.8192771035970389,0.9855072463768116,0.6938775510204082,0.8143712526358063,1.0,0.7346938775510204,0.8470588186463669
0.9487179487179488,0.7115384615384616,0.813186808288854,0.95,0.7307692307692307,0.8260869516068055,0.975,0.75,0.8478260820415878,1.0,0.9807692307692308,0.9902912571363937
0.8867924528301887,0.6351351351351351,0.7401574754516709,0.9318181818181818,0.5540540540540541,0.6949152495604711,0.8571428571428571,0.6486486486486487,0.7384615335573964,1.0,0.8243243243243243,0.9037036987500686
0.896551724137931,0.6341463414634146,0.7428571380040817,0.96,0.5853658536585366,0.7272727225665748,0.9,0.6585365853658537,0.7605633754017062,1.0,0.975609756097561,0.9876543159884164
0.98,0.8305084745762712,0.8990825638414276,0.9772727272727272,0.7288135593220338,0.8349514514167217,0.9807692307692308,0.864406779661017,0.9189189139388038,1.0,0.9830508474576272,0.9914529864533568
0.9550561797752808,0.8252427184466019,0.885416661693251,0.9482758620689656,0.5339805825242718,0.6832298090552062,0.978494623655914,0.883495145631068,0.928571423584444,1.0,0.4951456310679611,0.6623376579077417
0.9743589743589745,0.6031746031746031,0.745098034492503,0.975609756097561,0.6349206349206349,0.7692307644545119,0.9545454545454546,0.6666666666666666,0.7850467241296184,1.0,0.7777777777777778,0.8749999950781251
0.971830985915493,0.7040816326530612,0.8165680424648997,0.9516129032258064,0.6020408163265306,0.737499995253125,0.975609756097561,0.8163265306122449,0.8888888839283952,1.0,0.3877551020408163,0.5588235253849482
0.945945945945946,0.6862745098039216,0.7954545405810952,0.95,0.7450980392156863,0.8351648302378941,0.9565217391304348,0.8627450980392157,0.907216489858646,1.0,0.5294117647058824,0.6923076877810652
0.9655172413793104,0.6363636363636364,0.7671232828823419,0.9375,0.6818181818181818,0.7894736793351801,0.967741935483871,0.6818181818181818,0.7999999951502224,1.0,0.75,0.8571428522448981
0.9722222222222222,0.7954545454545454,0.87499999505,1.0,0.7045454545454546,0.826666661816889,0.972972972972973,0.8181818181818182,0.888888883926231,1.0,0.6136363636363636,0.7605633755683396
0.9636363636363636,0.7681159420289855,0.8548387047411551,0.9814814814814816,0.7681159420289855,0.8617886129605394,0.9830508474576272,0.8405797101449275,0.9062499950305176,1.0,0.8260869565217391,0.9047618998072562
1.0,0.826530612244898,0.9050279280059924,1.0,0.8061224489795918,0.8926553622892528,1.0,0.9081632653061223,0.9518716527655924,1.0,0.5816326530612245,0.7354838663175859
0.9620253164556962,0.76,0.8491620062420026,0.9726027397260274,0.71,0.8208092436767017,0.9375,0.75,0.8333333283950618,1.0,0.99,0.9949748693719856
0.935897435897436,0.776595744680851,0.8488372043455923,0.9333333333333332,0.7446808510638298,0.8284023619271035,0.972972972972973,0.7659574468085106,0.8571428522137189,1.0,0.7978723404255319,0.8875739595602395
0.9318181818181818,0.6721311475409836,0.7809523760834467,0.9666666666666668,0.4754098360655737,0.6373626329428813,0.9318181818181818,0.6721311475409836,0.7809523760834467,1.0,0.7704918032786885,0.8703703654543896
0.9302325581395348,0.5714285714285714,0.7079645970553684,0.979591836734694,0.6857142857142857,0.8067226842313397,0.981132075471698,0.7428571428571429,0.8455284503800647,1.0,0.9857142857142858,0.9928057503959424
0.8717948717948718,0.6181818181818182,0.7234042504640109,0.9743589743589745,0.6909090909090909,0.8085106334427343,0.9090909090909092,0.7272727272727273,0.8080808031425366,1.0,0.9818181818181818,0.9908256830738154
0.8378378378378378,0.7380952380952381,0.7848101216023075,0.8918918918918919,0.7857142857142857,0.8354430329947123,0.9487179487179488,0.8809523809523809,0.913580241920439,1.0,0.9761904761904762,0.9879518022296414
0.9178082191780822,0.7613636363636364,0.8322981316893638,0.9859154929577464,0.7954545454545454,0.8805031397112457,0.9864864864864864,0.8295454545454546,0.9012345629385766,1.0,0.5340909090909091,0.696296291757476
0.9318181818181818,0.5694444444444444,0.7068965470154578,0.975609756097561,0.5555555555555556,0.7079645971462136,0.92,0.6388888888888888,0.7540983558183285,1.0,0.875,0.9333333283555556
0.9428571428571428,0.66,0.7764705833910036,0.945945945945946,0.7,0.804597696261065,0.9210526315789472,0.7,0.7954545405475206,1.0,0.76,0.8636363587293389
0.9464285714285714,0.7910447761194029,0.8617886129261683,0.9655172413793104,0.835820895522388,0.8959999950259201,1.0,0.8805970149253731,0.9365079315280928,1.0,0.8208955223880597,0.9016393393106692
0.961038961038961,0.6981132075471698,0.8087431645244707,0.9625,0.7264150943396226,0.8279569843450111,0.9759036144578314,0.7641509433962265,0.8571428522169033,1.0,0.490566037735849,0.658227843685307
0.9285714285714286,0.7123287671232876,0.8062015454744307,1.0,0.7534246575342466,0.859374995098877,0.9508196721311476,0.7945205479452054,0.8656716368311429,1.0,0.589041095890411,0.7413793056792509
0.9736842105263158,0.7708333333333334,0.8604651113466739,0.9850746268656716,0.6875,0.8098159460785126,1.0,0.8958333333333334,0.94505494007004,1.0,0.5833333333333334,0.7368421006094183
0.926829268292683,0.7755102040816326,0.8444444394839508,0.9342105263157896,0.7244897959183674,0.8160919491029199,0.9642857142857144,0.826530612244898,0.890109885139476,1.0,0.5816326530612245,0.7354838663175859
0.9787234042553192,0.7419354838709677,0.8440366923423954,0.945945945945946,0.5645161290322581,0.7070707023895522,0.98,0.7903225806451613,0.8749999950573979,1.0,0.7580645161290323,0.8623853161956064
0.890625,0.7808219178082192,0.8321167833427461,0.9636363636363636,0.726027397260274,0.828124995098877,0.9365079365079364,0.8082191780821918,0.8676470538505624,1.0,0.6164383561643836,0.762711859688308
0.978021978021978,0.839622641509434,0.903553294521374,0.9876543209876544,0.7547169811320755,0.855614968351397,0.9787234042553192,0.8679245283018868,0.919999995018,1.0,0.5943396226415094,0.7455621255012079
0.8796296296296297,0.7421875,0.8050847407986211,0.898989898989899,0.6953125,0.7841409642446002,0.9824561403508772,0.875,0.9256198297274776,1.0,0.515625,0.680412366644702
0.9545454545454546,0.6847826086956522,0.7974683495657747,0.984375,0.6847826086956522,0.807692302853386,1.0,0.9347826086956522,0.9662921298371416,1.0,0.75,0.8571428522448981
0.967741935483871,0.8,0.8759124038041453,0.9672131147540984,0.7866666666666666,0.8676470538765139,0.9848484848484848,0.8666666666666667,0.9219858106232082,1.0,0.5733333333333334,0.7288135546897444
0.9901960784313726,0.8632478632478633,0.922374424247201,0.9782608695652174,0.7692307692307693,0.8612440142102975,0.981651376146789,0.9145299145299144,0.946902649873522,1.0,0.5213675213675214,0.6853932539218535
1.0,0.7310924369747899,0.8446601892954095,0.9625,0.6470588235294118,0.773869341925709,1.0,0.865546218487395,0.9279279229539,1.0,0.4705882352941176,0.639999995648
0.9016393442622952,0.6790123456790124,0.7746478824231304,0.9649122807017544,0.6790123456790124,0.7971014444265911,0.9428571428571428,0.8148148148148148,0.8741721804569976,1.0,0.5925925925925926,0.7441860418388319
